""	"K2Cluster1_Pos"	"K2Cluster1_Neg"	"K2Cluster2_Pos"	"K2Cluster2_Neg"	"K3Cluster1_Pos"	"K3Cluster1_Neg"	"K3Cluster2_Pos"	"K3Cluster2_Neg"	"K3Cluster3_Pos"	"K3Cluster3_Neg"	"K4Cluster1_Pos"	"K4Cluster1_Neg"	"K4Cluster2_Pos"	"K4Cluster2_Neg"	"K4Cluster3_Pos"	"K4Cluster3_Neg"	"K4Cluster4_Pos"	"K4Cluster4_Neg"
"A2M"	1	0	0	1	1	0	0	0	0	0	0	0	0	0	0	0	0	0
"ABCA1"	1	0	0	1	1	0	0	0	0	0	1	0	0	0	0	0	0	0
"ABCA6"	0	0	0	0	1	0	0	0	0	0	1	0	0	0	0	0	0	0
"ABCA8"	0	0	0	0	0	0	0	0	0	0	1	0	0	0	0	0	0	0
"ABCC3"	1	0	0	1	0	0	0	0	0	0	0	0	0	0	0	0	0	0
"ABHD2"	0	0	0	0	0	0	0	0	0	0	1	0	0	0	0	0	0	0
"ACKR3"	0	0	0	0	1	0	0	0	0	1	1	0	0	0	0	0	0	0
"ACKR4"	1	0	0	1	1	0	0	0	0	0	1	0	0	0	0	0	0	1
"ACP5"	0	0	0	0	0	0	0	1	0	0	0	0	0	1	1	0	0	0
"ACSL5"	0	0	0	0	0	0	0	0	1	0	0	0	0	1	0	0	0	0
"ACSM3"	0	1	1	0	0	1	0	0	0	0	0	0	0	0	0	0	0	0
"ACTA2"	1	0	0	1	1	0	0	0	0	1	1	0	0	0	0	0	0	1
"ACTB"	1	0	0	1	1	0	0	0	0	0	1	0	0	0	0	0	0	0
"ACTG2"	1	0	0	1	1	0	0	0	0	1	1	0	0	0	0	0	0	1
"ACTN1"	0	0	0	0	1	0	0	0	0	0	1	0	0	0	0	0	0	0
"ACTR3B"	0	0	0	0	0	1	0	0	0	0	0	1	0	0	0	0	0	0
"ACVR2B"	0	1	1	0	0	1	0	0	0	0	0	0	0	0	0	0	0	0
"ADAM19"	1	0	0	1	1	0	0	0	0	0	1	0	0	0	0	0	0	1
"ADAM8"	1	0	0	1	0	0	0	1	0	0	0	0	0	1	0	0	0	0
"ADAMDEC1"	1	0	0	1	1	0	0	1	0	0	0	0	0	1	1	0	0	1
"ADAMTS5"	0	0	0	0	1	0	0	0	0	1	1	0	0	0	0	0	0	1
"ADAMTS9"	0	0	0	0	0	0	0	0	0	1	0	0	0	0	0	0	0	0
"ADAP2"	1	0	0	1	1	0	0	1	0	0	1	0	0	1	0	0	0	0
"ADCK3"	0	0	0	0	0	1	0	0	0	0	0	1	0	0	0	0	0	0
"ADCY7"	1	0	0	1	1	0	0	0	0	0	1	0	0	0	0	0	0	0
"ADH1B"	1	0	0	1	1	0	0	0	0	0	1	0	0	0	0	0	0	1
"ADIPOQ"	1	0	0	1	1	0	0	1	0	1	0	0	0	0	0	0	0	1
"ADIRF"	0	0	0	0	0	0	0	1	0	0	0	0	0	0	0	0	0	0
"ADNP"	0	0	0	0	0	0	1	0	0	0	0	0	1	0	0	0	0	0
"ADORA3"	1	0	0	1	0	0	0	1	0	0	0	0	0	1	0	0	0	0
"ADRA2A"	0	0	0	0	1	0	0	0	0	1	1	0	0	0	0	0	0	0
"ADRB2"	1	0	0	1	0	0	0	1	0	0	0	0	0	0	0	0	0	0
"AEBP1"	1	0	0	1	1	0	0	0	0	1	1	0	0	0	0	0	0	1
"AGBL5"	0	1	1	0	0	1	1	0	0	0	0	0	0	0	0	0	0	0
"AGFG2"	0	0	0	0	0	0	0	0	1	0	0	0	0	0	0	0	0	0
"AGO3"	0	1	1	0	0	1	0	0	0	0	0	1	0	0	0	0	0	0
"AGTR1"	0	0	0	0	1	0	0	0	0	1	1	0	0	0	0	0	0	1
"AHCY"	0	0	0	0	0	1	0	0	0	0	0	0	0	0	0	0	0	0
"AIF1"	1	0	0	1	1	0	0	1	0	0	1	0	0	1	0	0	0	0
"AIFM1"	0	0	0	0	0	0	0	0	1	0	0	0	0	0	0	0	0	0
"AIM1"	0	0	0	0	0	0	0	1	0	0	0	0	0	0	0	0	0	0
"AIM2"	1	0	0	1	0	0	0	1	0	0	0	0	0	1	1	0	0	0
"AKAP13"	0	0	0	0	1	0	0	0	0	0	1	0	0	0	0	0	0	0
"AKIP1"	1	0	0	1	1	0	0	0	0	0	0	0	0	0	0	0	0	0
"ALDH3B1"	0	0	0	0	0	0	0	0	0	0	0	0	0	0	0	0	1	0
"ALKBH4"	0	1	0	0	0	0	0	0	0	0	0	0	0	0	0	0	0	0
"ALLC"	0	0	0	0	0	1	0	0	0	0	0	0	0	0	0	0	0	0
"ALOX5"	1	0	0	1	1	0	0	1	0	0	1	0	0	1	0	0	0	0
"ALOX5AP"	1	0	0	1	1	0	0	1	0	0	1	0	0	1	0	0	0	0
"AMPD3"	1	0	0	1	1	0	0	0	0	0	0	0	0	0	0	0	0	0
"ANGPT1"	0	0	0	0	1	0	0	0	0	0	1	0	0	0	0	0	0	0
"ANGPTL2"	1	0	0	1	1	0	0	0	0	1	1	0	0	0	0	0	0	1
"ANKEF1"	0	0	0	0	0	1	0	0	0	0	0	1	0	0	0	0	0	0
"ANKHD1"	0	0	0	0	0	0	0	0	1	0	0	0	0	0	0	0	0	0
"ANKHD1-EIF4EBP3"	0	0	0	0	0	0	0	0	1	0	0	0	0	0	0	0	0	0
"ANTXR1"	1	0	0	1	1	0	0	0	0	1	1	0	0	0	0	0	0	0
"ANXA2"	1	0	0	1	1	0	0	0	0	0	1	0	0	0	0	0	0	0
"ANXA5"	1	0	0	1	1	0	0	0	0	0	1	0	0	0	0	0	0	0
"ANXA6"	0	0	0	0	0	0	0	0	0	1	0	0	0	0	0	0	0	0
"AOAH"	1	0	0	1	1	0	0	1	0	0	0	0	0	1	0	0	0	1
"AOC3"	1	0	0	1	1	0	0	0	0	1	1	0	0	0	0	0	0	1
"AP1S2"	1	0	0	1	1	0	0	0	0	0	1	0	0	0	0	0	0	1
"APBB2"	0	0	0	0	1	0	0	0	0	1	1	0	0	0	0	0	0	0
"APLNR"	1	0	0	1	1	0	0	0	0	0	0	0	0	0	0	0	0	0
"APOBEC3G"	0	0	0	0	0	0	0	1	0	0	0	0	0	1	1	0	0	0
"APOBR"	1	0	0	1	0	0	0	0	0	0	0	0	0	1	0	0	0	0
"APOC1"	1	0	0	1	1	0	0	1	0	0	0	0	0	1	0	0	0	0
"APOC2"	1	0	0	1	0	0	0	1	0	0	0	0	0	1	0	0	0	0
"APOC4"	1	0	0	1	0	0	0	1	0	0	0	0	0	1	0	0	0	0
"APOC4-APOC2"	1	0	0	1	0	0	0	1	0	0	0	0	0	1	0	0	0	0
"APOE"	1	0	0	1	1	0	0	0	0	0	0	0	0	0	0	0	0	1
"APOL1"	0	0	0	0	0	0	0	1	0	0	0	0	0	1	0	0	0	0
"APOL2"	1	0	0	1	0	0	0	1	0	0	0	0	0	1	0	0	0	0
"APOL3"	1	0	0	1	0	0	0	1	0	0	0	0	0	1	1	0	0	0
"APOL6"	1	0	0	1	0	0	0	1	0	0	0	0	0	1	1	0	0	0
"APPL2"	0	0	0	0	0	0	0	0	0	1	0	0	0	0	0	0	0	0
"AQP1"	1	0	0	1	1	0	0	0	0	0	1	0	0	0	0	0	0	0
"ARHGAP1"	0	0	0	0	0	0	0	1	0	0	0	0	0	1	0	0	0	0
"ARHGAP15"	1	0	0	1	1	0	0	1	0	0	0	0	0	1	0	0	0	1
"ARHGDIB"	1	0	0	1	1	0	0	1	0	0	1	0	0	1	0	0	0	0
"ARHGEF10"	0	0	0	0	0	0	0	0	0	0	0	0	0	0	0	1	0	0
"ARHGEF6"	1	0	0	1	1	0	0	1	0	0	0	0	0	0	0	0	0	0
"ARL2BP"	0	0	0	0	1	0	0	0	0	0	0	0	0	0	0	0	0	0
"ARL6IP5"	1	0	0	1	0	0	0	1	0	0	0	0	0	0	0	0	0	0
"ARMC9"	0	0	0	0	0	0	0	0	0	1	0	0	0	0	0	0	0	0
"ARMCX1"	0	0	0	0	0	0	0	0	0	1	0	0	0	0	0	0	0	0
"ARNTL"	1	0	0	1	1	0	0	0	0	0	1	0	0	0	0	0	0	0
"ARPC1B"	0	0	0	0	0	0	0	1	0	0	0	0	0	0	0	0	0	0
"ARSB"	1	0	0	1	1	0	0	0	0	0	0	0	0	0	0	0	0	1
"ASAH1"	1	0	0	1	1	0	0	0	0	0	0	0	0	0	0	0	0	0
"ASPN"	1	0	0	1	1	0	0	0	0	1	1	0	0	0	0	0	0	1
"ASTN1"	0	0	0	0	0	0	1	0	0	0	0	0	0	0	0	0	0	0
"ATP10A"	1	0	0	1	1	0	0	1	0	0	1	0	0	1	0	0	0	0
"ATP10D"	1	0	0	1	1	0	0	0	0	0	1	0	0	0	0	0	0	0
"ATP2A3"	1	0	0	1	0	0	0	0	0	0	0	0	0	0	0	0	0	0
"ATP5G2"	0	1	1	0	0	1	0	0	0	0	0	0	0	0	0	0	0	0
"ATP5J2"	0	0	0	0	0	0	0	0	1	0	0	0	0	0	0	0	0	0
"ATP6V0A1"	0	0	0	0	0	0	0	0	0	1	0	0	0	0	0	0	0	0
"ATP6V1B2"	1	0	0	1	1	0	0	0	0	0	1	0	0	0	0	0	0	0
"ATP8B2"	0	0	0	0	0	0	0	0	0	1	0	0	0	0	0	0	0	0
"ATP8B4"	1	0	0	1	0	0	0	1	0	0	0	0	0	1	0	0	0	0
"ATRIP"	0	0	0	0	0	0	0	1	1	0	0	0	0	0	0	0	0	0
"ATXN7L3B"	0	0	0	0	0	0	1	0	0	0	0	0	0	0	0	0	0	0
"AXL"	1	0	0	1	1	0	0	0	0	1	1	0	0	0	0	0	0	1
"B2M"	1	0	0	1	1	0	0	1	0	0	0	0	0	1	0	0	0	0
"B3GNT1"	0	0	0	0	0	0	1	0	0	0	0	0	0	0	0	0	0	0
"BACH1"	0	0	0	0	1	0	0	0	0	1	0	0	0	0	0	0	0	0
"BACH2"	0	0	0	0	0	0	0	0	0	1	0	0	0	0	0	0	0	0
"BASP1"	1	0	0	1	1	0	0	0	0	1	1	0	0	0	0	0	0	0
"BATF"	1	0	0	1	0	0	0	1	0	0	0	0	0	1	0	0	0	0
"BCL10"	0	0	0	0	0	0	0	0	0	0	0	0	0	1	0	0	0	0
"BCL11B"	0	0	0	0	0	0	0	0	0	0	0	0	0	0	0	0	0	1
"BCL2A1"	1	0	0	1	1	0	0	1	0	0	0	0	0	1	0	0	0	0
"BCL3"	0	0	0	0	0	0	0	1	0	0	0	0	0	1	0	0	0	0
"BCL7A"	0	0	0	0	0	0	1	0	0	0	0	0	1	0	0	0	0	0
"BDH1"	0	0	0	0	0	0	0	0	0	0	0	1	0	0	0	0	0	0
"BDKRB2"	0	0	0	0	1	0	0	0	0	0	1	0	0	0	0	0	0	0
"BEAN1"	0	0	0	0	1	0	0	0	0	0	1	0	0	0	0	0	0	0
"BEND5"	0	0	0	0	0	0	1	0	0	0	0	0	1	0	0	0	0	0
"BEX1"	0	0	0	0	0	0	1	0	0	0	0	0	0	0	0	0	0	0
"BGN"	1	0	0	1	1	0	0	0	0	1	1	0	0	0	0	0	0	0
"BHLHE40"	1	0	0	1	1	0	0	0	0	0	1	0	0	0	0	0	0	0
"BIN2"	1	0	0	1	1	0	0	1	0	0	0	0	0	1	0	0	0	0
"BIRC3"	0	0	0	0	0	0	0	1	0	0	0	0	0	1	0	0	0	0
"BLMH"	0	0	0	0	0	0	0	0	0	1	0	0	0	0	0	0	0	0
"BMP1"	0	0	0	0	1	0	0	0	0	1	1	0	0	0	0	0	0	0
"BMP4"	0	0	0	0	0	0	0	0	0	0	1	0	0	0	0	0	0	0
"BNC1"	1	0	0	1	0	0	0	0	0	0	0	0	0	0	0	0	0	0
"BRCC3"	0	0	0	0	0	0	0	0	1	0	0	0	0	0	0	0	0	0
"BST1"	0	0	0	0	0	0	0	1	0	0	0	0	0	0	0	0	0	0
"BTBD3"	0	0	0	0	0	0	1	0	0	0	0	0	0	0	0	0	0	0
"BTK"	1	0	0	1	1	0	0	1	0	0	0	0	0	1	0	0	0	0
"BTN3A2"	0	0	0	0	0	0	0	1	0	0	0	0	0	1	0	0	0	0
"BTN3A3"	0	0	0	0	0	0	0	1	0	0	0	0	0	1	0	0	0	0
"C10orf10"	0	0	0	0	0	0	0	1	0	0	0	0	0	1	0	0	0	0
"C10orf2"	0	0	0	0	0	1	0	0	0	0	0	0	0	0	0	0	0	0
"C10orf95"	0	0	0	0	0	1	0	0	0	0	0	1	0	0	0	0	0	0
"C11orf24"	0	0	0	0	1	0	0	0	0	0	1	0	0	0	0	0	0	0
"C11orf95"	0	0	0	0	0	0	0	0	0	0	0	0	1	0	0	0	0	0
"C16orf59"	0	1	1	0	0	0	0	0	0	0	0	1	1	0	0	0	0	0
"C19orf57"	0	0	0	0	0	1	0	0	0	0	0	1	0	0	0	0	0	0
"C1orf109"	0	0	0	0	0	1	0	0	0	0	0	1	0	0	0	0	0	0
"C1orf35"	0	0	0	0	0	1	0	0	0	0	0	1	0	0	0	0	0	0
"C1orf54"	1	0	0	1	1	0	0	0	0	0	0	0	0	0	0	0	0	1
"C1QA"	1	0	0	1	1	0	0	1	0	0	1	0	0	1	0	0	0	0
"C1QB"	1	0	0	1	1	0	0	1	0	0	1	0	0	1	0	0	0	0
"C1QTNF1"	1	0	0	1	1	0	0	0	0	1	1	0	0	0	0	0	0	0
"C1QTNF3"	1	0	0	1	1	0	0	0	0	1	1	0	0	0	0	0	0	1
"C1R"	1	0	0	1	1	0	0	1	0	0	1	0	0	0	0	0	0	0
"C1S"	1	0	0	1	1	0	0	1	0	0	1	0	0	0	0	0	0	1
"C2"	0	0	0	0	0	0	0	1	0	0	0	0	0	1	1	0	0	0
"C2orf44"	0	0	0	0	0	0	1	0	0	0	0	0	1	0	0	0	0	0
"C3"	1	0	0	1	1	0	0	1	0	0	1	0	0	1	0	0	0	0
"C3AR1"	1	0	0	1	1	0	0	1	0	0	0	0	0	1	0	0	0	0
"C5AR1"	1	0	0	1	1	0	0	1	0	0	1	0	0	0	0	0	0	0
"CA14"	0	0	0	0	0	1	0	0	0	0	0	0	0	0	0	0	0	0
"CACNA2D2"	0	0	0	0	0	0	1	0	0	0	0	0	0	0	0	0	0	0
"CAD"	0	0	0	0	0	0	1	0	0	0	0	0	1	0	0	0	0	0
"CALB2"	1	0	0	1	1	0	0	0	0	1	1	0	0	0	0	0	0	0
"CALCOCO2"	1	0	0	1	0	0	0	0	0	0	0	0	0	0	0	0	0	0
"CALCRL"	0	0	0	0	1	0	0	0	0	0	0	0	0	0	0	0	0	0
"CALD1"	1	0	0	1	1	0	0	0	0	1	1	0	0	0	0	0	0	0
"CALU"	0	0	0	0	1	0	0	0	0	0	1	0	0	0	0	0	0	0
"CAPN9"	0	1	0	0	0	1	0	0	0	0	0	0	0	0	0	0	0	0
"CAPZB"	1	0	0	1	1	0	0	0	0	0	1	0	0	0	0	0	0	0
"CARD9"	0	0	0	0	0	0	0	1	0	0	0	0	0	1	0	0	0	0
"CASC1"	0	1	1	0	0	0	0	0	0	0	0	0	0	0	0	0	0	0
"CASP10"	0	0	0	0	0	0	0	1	0	0	0	0	0	1	0	0	0	0
"CASP4"	0	0	0	0	0	0	0	1	0	0	0	0	0	1	0	0	0	0
"CAV1"	0	0	0	0	1	0	0	0	0	0	1	0	0	0	0	0	0	0
"CBR3"	0	0	0	0	0	0	0	1	0	0	0	0	0	0	0	0	0	0
"CBX1"	0	0	0	0	0	0	1	0	0	0	0	0	0	0	0	0	0	0
"CBX8"	0	1	0	0	0	1	0	0	0	0	0	0	0	0	0	0	0	0
"CCDC102B"	1	0	0	1	1	0	0	0	0	0	1	0	0	0	0	0	0	1
"CCDC109B"	0	0	0	0	0	0	0	1	0	0	0	0	0	1	0	0	0	0
"CCDC181"	0	1	1	0	0	1	1	0	0	0	0	0	1	0	0	0	0	0
"CCDC88A"	0	0	0	0	0	0	0	0	0	1	0	0	0	0	0	0	0	0
"CCL11"	1	0	0	1	1	0	0	1	0	0	1	0	0	0	0	0	0	1
"CCL18"	1	0	0	1	0	0	0	0	0	0	0	0	0	0	0	0	0	0
"CCL19"	1	0	0	1	0	0	0	1	0	0	0	0	0	0	0	0	0	1
"CCL2"	1	0	0	1	1	0	0	1	0	0	1	0	0	1	0	0	0	0
"CCL20"	0	0	0	0	0	0	0	1	0	0	0	0	0	1	0	0	0	0
"CCL21"	1	0	0	1	1	0	0	0	0	0	0	0	0	0	0	0	0	0
"CCL3"	1	0	0	1	1	0	0	1	0	0	0	0	0	1	0	0	0	0
"CCL3L1"	1	0	0	1	1	0	0	1	0	0	0	0	0	1	0	0	0	0
"CCL3L3"	1	0	0	1	1	0	0	1	0	0	0	0	0	1	0	0	0	0
"CCL4"	1	0	0	1	1	0	0	1	0	0	1	0	0	1	0	0	0	0
"CCL5"	1	0	0	1	1	0	0	1	0	0	0	0	0	1	1	0	0	0
"CCL8"	1	0	0	1	0	0	0	1	0	0	0	0	0	1	1	0	0	0
"CCND1"	0	0	0	0	0	0	0	0	0	0	0	0	0	0	0	1	0	0
"CCNJ"	0	0	0	0	0	0	0	0	0	1	0	0	0	0	0	0	0	0
"CCPG1"	0	0	0	0	0	0	0	0	0	0	1	0	0	0	0	0	0	0
"CCR2"	1	0	0	1	0	0	0	1	0	0	0	0	0	1	0	0	0	1
"CCR5"	1	0	0	1	1	0	0	1	0	0	0	0	0	1	0	0	0	0
"CCR7"	1	0	0	1	0	0	0	1	0	0	0	0	0	1	0	0	0	1
"CCRL2"	1	0	0	1	1	0	0	1	0	0	0	0	0	1	0	0	0	0
"CCSER2"	1	0	0	1	1	0	0	0	0	0	1	0	0	0	0	0	0	0
"CD14"	1	0	0	1	1	0	0	1	0	0	1	0	0	1	0	0	0	0
"CD163"	1	0	0	1	1	0	0	1	0	0	1	0	0	1	0	0	0	1
"CD180"	1	0	0	1	1	0	0	1	0	0	0	0	0	1	0	0	0	0
"CD1A"	0	0	0	0	0	0	0	1	0	0	0	0	0	0	0	0	0	0
"CD1C"	0	0	0	0	0	0	0	1	0	0	0	0	0	1	0	0	0	0
"CD1D"	1	0	0	1	0	0	0	0	0	0	0	0	0	0	0	0	0	0
"CD2"	1	0	0	1	1	0	0	1	0	0	0	0	0	1	0	0	0	0
"CD247"	1	0	0	1	0	0	0	1	0	0	0	0	0	1	0	0	0	1
"CD248"	1	0	0	1	1	0	0	0	0	1	1	0	0	0	0	0	0	1
"CD300A"	1	0	0	1	1	0	0	1	0	0	0	0	0	1	0	0	0	0
"CD302"	1	0	0	1	1	0	0	0	0	0	1	0	0	0	0	0	0	0
"CD33"	1	0	0	1	0	0	0	1	0	0	0	0	0	1	0	0	0	0
"CD36"	1	0	0	1	1	0	0	0	0	0	1	0	0	0	0	0	0	1
"CD37"	1	0	0	1	1	0	0	1	0	0	0	0	0	1	0	0	0	0
"CD3D"	1	0	0	1	1	0	0	1	0	0	0	0	0	1	0	0	0	1
"CD3E"	1	0	0	1	0	0	0	1	0	0	0	0	0	0	0	0	0	0
"CD3G"	1	0	0	1	0	0	0	1	0	0	0	0	0	0	0	0	0	1
"CD48"	1	0	0	1	1	0	0	1	0	0	0	0	0	1	1	0	0	0
"CD52"	1	0	0	1	1	0	0	1	0	0	0	0	0	1	0	0	0	0
"CD53"	1	0	0	1	1	0	0	1	0	0	0	0	0	1	0	0	0	1
"CD58"	1	0	0	1	0	0	0	0	0	0	0	0	0	0	0	0	0	0
"CD69"	1	0	0	1	1	0	0	1	0	0	0	0	0	1	0	0	0	0
"CD72"	1	0	0	1	0	0	0	1	0	0	0	0	0	0	0	0	0	0
"CD74"	0	0	0	0	0	0	0	1	0	0	0	0	0	1	0	0	0	0
"CD80"	0	0	0	0	0	0	0	1	0	0	0	0	0	1	0	0	0	0
"CD82"	0	0	0	0	0	0	0	1	0	0	0	0	0	1	0	0	0	0
"CD83"	1	0	0	1	0	0	0	0	0	0	0	0	0	0	0	0	0	0
"CD84"	1	0	0	1	1	0	0	1	0	0	0	0	0	1	0	0	0	1
"CD8A"	1	0	0	1	0	0	0	1	0	0	0	0	0	1	0	0	0	1
"CD93"	1	0	0	1	1	0	0	0	0	0	1	0	0	0	0	0	0	1
"CD96"	1	0	0	1	0	0	0	1	0	0	0	0	0	1	0	0	0	0
"CD99"	1	0	0	1	1	0	0	0	0	0	1	0	0	0	0	0	0	0
"CDCP1"	0	0	0	0	0	0	0	1	0	0	0	0	0	1	0	0	0	0
"CDH11"	1	0	0	1	1	0	0	0	0	1	1	0	0	0	0	0	0	0
"CDH5"	0	0	0	0	1	0	0	0	0	0	0	0	0	0	0	0	0	0
"CDK14"	0	0	0	0	1	0	0	0	0	1	1	0	0	0	0	0	0	0
"CDK4"	0	0	0	0	0	0	1	0	0	0	0	0	1	0	0	0	0	0
"CDKN1A"	0	0	0	1	1	0	0	0	0	0	1	0	0	0	0	0	0	0
"CDR2"	1	0	0	1	1	0	0	0	0	0	1	0	0	0	0	0	0	0
"CEBPD"	0	0	0	0	0	0	0	1	0	0	0	0	0	0	0	0	0	0
"CEP170"	0	0	0	0	0	0	0	0	0	1	0	0	0	0	0	0	0	1
"CEP170P1"	0	0	0	0	0	0	0	0	0	1	0	0	0	0	0	0	0	1
"CFB"	0	0	0	0	0	0	0	1	1	0	0	0	0	1	1	0	0	0
"CFD"	1	0	0	1	1	0	0	1	0	0	1	0	0	0	0	0	0	0
"CFH"	1	0	0	1	1	0	0	0	0	0	1	0	0	0	0	0	0	0
"CFHR1"	1	0	0	1	1	0	0	0	0	0	1	0	0	0	0	0	0	0
"CH25H"	1	0	0	1	1	0	0	0	0	1	1	0	0	0	0	0	0	0
"CHD4"	0	0	0	0	0	0	1	0	0	0	0	0	1	0	0	0	0	0
"CHI3L1"	0	0	0	0	0	0	0	1	0	0	0	0	0	0	0	0	0	0
"CHN1"	1	0	0	1	1	0	0	0	0	0	1	0	0	0	0	0	0	1
"CHODL"	0	0	0	0	0	0	0	0	1	0	0	0	0	0	0	0	0	0
"CHPF"	0	0	0	0	0	0	0	0	0	1	1	0	0	0	0	0	0	0
"CHST10"	0	0	0	0	0	0	0	0	0	0	0	0	1	0	0	0	0	0
"CHST15"	1	0	0	1	1	0	0	0	0	0	1	0	0	0	0	0	0	0
"CHSY1"	0	0	0	0	1	0	0	0	0	1	1	0	0	0	0	0	0	0
"CIITA"	0	0	0	0	0	0	0	1	0	0	0	0	0	1	0	0	0	0
"CILP"	1	0	0	1	1	0	0	0	0	1	1	0	0	0	0	0	0	0
"CKAP4"	0	0	0	0	0	0	0	0	0	1	0	0	0	0	0	0	0	0
"CLCN2"	0	0	0	0	0	1	0	0	0	0	0	0	0	0	0	0	0	0
"CLEC11A"	0	0	0	0	0	0	0	0	0	0	1	0	0	0	0	0	0	0
"CLEC1A"	1	0	0	1	0	0	0	0	0	0	0	0	0	0	0	0	0	0
"CLEC2B"	1	0	0	1	1	0	0	1	0	0	1	0	0	1	0	0	0	1
"CLEC4A"	1	0	0	1	1	0	0	1	0	0	0	0	0	1	0	0	0	1
"CLEC5A"	1	0	0	1	1	0	0	1	0	0	0	0	0	1	0	0	0	0
"CLEC7A"	1	0	0	1	1	0	0	1	0	0	0	0	0	1	0	0	0	0
"CLIC2"	1	0	0	1	1	0	0	1	0	0	0	0	0	0	0	0	0	0
"CLIC3"	0	0	0	0	1	0	0	0	0	0	1	0	0	0	0	0	0	0
"CLIC4"	1	0	0	1	1	0	0	0	0	0	1	0	0	0	0	0	0	0
"CLUAP1"	0	1	1	0	0	0	0	0	0	0	0	0	0	0	0	0	0	0
"CLUL1"	0	0	0	0	0	0	0	0	0	0	0	0	1	0	0	0	0	0
"CMKLR1"	1	0	0	1	1	0	0	1	0	0	0	0	0	1	0	0	0	0
"CNN1"	0	0	0	0	1	0	0	0	0	1	1	0	0	0	0	0	0	1
"CNN2"	1	0	0	1	1	0	0	0	0	0	1	0	0	0	0	0	0	0
"CNN3"	1	0	0	1	1	0	0	0	0	0	1	0	0	0	0	0	0	0
"CNTN1"	0	0	0	0	1	0	0	0	0	0	1	0	0	0	0	0	0	0
"COA7"	0	0	0	0	0	1	0	0	0	0	0	1	0	0	0	0	0	0
"COBL"	0	0	0	0	0	0	0	0	0	0	0	0	0	0	0	0	1	0
"COG2"	0	0	0	0	0	1	0	0	0	0	0	0	0	0	0	0	0	0
"COL10A1"	1	0	0	1	1	0	0	0	0	1	1	0	0	0	0	0	0	1
"COL11A1"	1	0	0	1	1	0	0	0	0	1	1	0	0	0	0	0	0	1
"COL16A1"	1	0	0	1	1	0	0	0	0	1	1	0	0	0	0	0	0	0
"COL2A1"	0	0	0	0	0	1	1	0	0	0	0	0	1	0	0	1	0	0
"COL3A1"	1	0	0	1	1	0	0	0	0	1	1	0	0	0	0	0	0	1
"COL4A1"	1	0	0	1	1	0	0	0	0	1	1	0	0	0	0	0	0	1
"COL4A2"	0	0	0	0	1	0	0	0	0	1	1	0	0	0	0	0	0	1
"COL5A1"	1	0	0	1	1	0	0	0	0	1	1	0	0	0	0	0	0	0
"COL5A2"	1	0	0	1	1	0	0	0	0	1	1	0	0	0	0	0	0	1
"COL5A3"	1	0	0	1	1	0	0	0	0	0	1	0	0	0	0	0	0	1
"COL6A2"	1	0	0	1	1	0	0	0	0	1	1	0	0	0	0	0	0	0
"COL8A1"	1	0	0	1	1	0	0	0	0	1	1	0	0	0	0	0	0	1
"COL8A2"	1	0	0	1	1	0	0	0	0	1	1	0	0	0	0	0	0	1
"COL9A3"	0	0	0	0	0	0	1	0	0	0	0	0	1	0	0	0	0	0
"COLEC12"	1	0	0	1	1	0	0	0	0	1	1	0	0	0	0	0	0	1
"COMP"	1	0	0	1	1	0	0	0	0	1	1	0	0	0	0	0	0	1
"COPZ2"	1	0	0	1	1	0	0	0	0	1	1	0	0	0	0	0	0	1
"CORIN"	1	0	0	1	1	0	0	0	0	0	1	0	0	0	0	0	0	0
"CORO1A"	1	0	0	1	1	0	0	1	0	0	0	0	0	1	0	0	0	0
"CORO1C"	0	0	0	0	1	0	0	0	0	0	0	0	0	0	0	0	0	0
"COTL1"	1	0	0	1	1	0	0	0	0	0	0	0	0	0	0	0	0	0
"COX5A"	0	0	0	0	0	0	0	0	1	0	0	0	0	0	0	0	0	0
"COX7A1"	1	0	0	1	1	0	0	0	0	1	1	0	0	0	0	0	0	0
"COX7BP1"	0	0	0	0	0	0	0	0	1	0	0	0	0	0	0	0	0	0
"CPA3"	1	0	0	1	1	0	0	1	0	1	1	0	0	0	0	0	0	0
"CPE"	0	0	0	0	1	0	0	0	0	0	1	0	0	0	0	0	0	0
"CPQ"	0	0	0	0	1	0	0	0	0	0	1	0	0	0	0	0	0	0
"CPSF4"	0	1	1	0	0	1	0	0	0	0	0	1	0	0	0	0	0	0
"CPVL"	0	0	0	0	1	0	0	0	0	0	0	0	0	0	0	0	0	0
"CPZ"	0	0	0	0	1	0	0	0	0	0	1	0	0	0	0	0	0	0
"CREM"	0	0	0	0	0	0	0	0	0	0	0	0	0	0	0	0	0	1
"CRLF3"	1	0	0	1	0	0	0	0	0	0	0	0	0	0	0	0	0	0
"CRTAM"	1	0	0	1	0	0	0	1	0	0	0	0	0	1	0	0	0	0
"CRY1"	0	0	0	0	0	0	0	0	0	0	0	0	1	0	0	0	0	0
"CSF1"	0	0	0	0	0	0	0	1	0	0	0	0	0	1	0	0	0	0
"CSF1R"	1	0	0	1	1	0	0	1	0	0	1	0	0	1	0	0	0	0
"CSF2RA"	1	0	0	1	1	0	0	1	0	0	0	0	0	1	0	0	0	0
"CSF2RB"	0	0	0	0	0	0	0	1	0	0	0	0	0	0	0	0	0	0
"CSGALNACT2"	1	0	0	1	1	0	0	0	0	0	1	0	0	0	0	0	0	1
"CSRNP2"	0	0	0	0	0	0	0	0	0	1	0	0	0	0	0	0	0	0
"CSRP2"	0	0	0	0	0	0	0	0	0	1	0	0	0	0	0	0	0	0
"CST7"	1	0	0	1	1	0	0	1	0	0	1	0	0	1	0	0	0	1
"CSTA"	1	0	0	1	0	0	0	0	0	0	0	0	0	0	0	0	0	0
"CTGF"	1	0	0	1	1	0	0	0	0	1	1	0	0	0	0	0	0	0
"CTSA"	1	0	0	1	1	0	0	0	0	0	0	0	0	0	0	0	0	0
"CTSB"	1	0	0	1	1	0	0	1	0	0	1	0	0	1	0	0	0	0
"CTSC"	1	0	0	1	0	0	0	0	0	0	0	0	0	0	0	0	0	0
"CTSH"	1	0	0	1	0	0	0	0	0	0	0	0	0	0	0	0	0	0
"CTSK"	1	0	0	1	1	0	0	0	0	1	1	0	0	0	0	0	0	1
"CTSL"	1	0	0	1	1	0	0	1	0	0	0	0	0	0	0	0	0	0
"CTSO"	1	0	0	1	1	0	0	0	0	0	1	0	0	0	0	0	0	0
"CTSW"	1	0	0	1	0	0	0	1	0	0	0	0	0	1	0	0	0	0
"CX3CR1"	0	0	0	0	0	0	0	1	0	0	0	0	0	0	0	0	0	0
"CXCL10"	0	0	0	0	0	0	0	1	0	0	0	0	0	1	1	0	0	0
"CXCL11"	0	0	0	0	0	0	0	1	0	0	0	0	0	1	1	0	0	0
"CXCL13"	1	0	0	1	0	0	0	1	0	0	0	0	0	1	0	0	0	1
"CXCL14"	1	0	0	1	1	0	0	0	0	1	1	0	0	0	0	0	0	0
"CXCL9"	1	0	0	1	1	0	0	1	0	0	0	0	0	1	0	0	0	1
"CXCR6"	1	0	0	1	0	0	0	1	0	0	0	0	0	1	0	0	0	0
"CXorf21"	1	0	0	1	0	0	0	1	0	0	0	0	0	1	0	0	0	0
"CYB5R4"	1	0	0	1	1	0	0	0	0	0	0	0	0	0	0	0	0	0
"CYBB"	1	0	0	1	1	0	0	1	0	0	0	0	0	1	0	0	0	0
"CYC1"	0	0	0	0	0	0	0	0	1	0	0	0	0	0	0	0	0	0
"CYLD"	1	0	0	1	0	0	0	1	0	0	0	0	0	0	0	0	0	0
"CYP1B1"	1	0	0	1	1	0	0	1	0	0	1	0	0	0	0	0	0	0
"CYR61"	1	0	0	1	1	0	0	0	0	1	1	0	0	0	0	0	0	0
"CYTH1"	1	0	0	1	0	0	0	0	0	0	0	0	0	0	0	0	0	0
"CYTH4"	1	0	0	1	1	0	0	1	0	0	1	0	0	1	0	0	0	0
"CYTIP"	1	0	0	1	1	0	0	1	0	0	1	0	0	1	0	0	0	1
"CYTL1"	0	0	0	0	0	0	1	0	0	1	0	0	0	0	0	1	0	0
"DAAM2"	0	0	0	0	1	0	0	0	0	0	1	0	0	0	0	0	0	0
"DACH1"	0	0	0	0	0	0	1	0	0	0	0	0	1	0	0	0	0	0
"DCHS1"	0	0	0	0	1	0	0	0	0	1	1	0	0	0	0	0	0	0
"DCLK1"	0	0	0	0	0	0	0	0	0	1	0	0	0	0	0	0	0	0
"DCLRE1A"	0	0	0	0	0	0	0	0	0	0	0	1	0	0	0	0	0	0
"DCN"	1	0	0	1	1	0	0	0	0	1	1	0	0	0	0	0	0	0
"DDR2"	0	0	0	0	1	0	0	0	0	1	1	0	0	0	0	0	0	1
"DDX25"	0	0	0	0	0	0	1	0	0	0	0	0	1	0	0	0	0	0
"DDX60"	0	0	0	0	0	0	0	1	0	0	0	0	0	1	0	0	0	0
"DEFB1"	0	0	0	0	0	0	0	0	0	0	0	0	0	1	0	0	0	0
"DENND2A"	0	0	0	0	0	0	0	0	0	1	0	0	0	0	0	0	0	0
"DENND2D"	0	0	0	0	0	0	0	0	1	0	0	0	0	0	1	0	0	0
"DENND3"	1	0	0	1	0	0	0	1	0	0	0	0	0	1	0	0	0	0
"DFNA5"	0	0	0	0	1	0	0	0	0	0	1	0	0	0	0	0	0	0
"DHCR24"	0	0	0	0	0	0	0	0	1	0	0	0	0	0	0	0	0	0
"DHODH"	0	0	0	0	0	1	0	0	0	0	0	0	0	0	0	0	0	0
"DHRS7"	0	0	0	0	1	0	0	0	0	0	0	0	0	0	0	0	0	0
"DHRS9"	0	0	0	0	0	0	0	0	0	0	0	0	0	1	0	0	0	0
"DHX40"	0	0	0	0	0	0	1	0	0	0	0	0	0	0	0	0	0	0
"DHX57"	0	0	0	0	0	0	1	0	0	0	0	0	1	0	0	0	0	0
"DHX58"	0	0	0	0	0	0	0	1	0	0	0	0	0	0	0	0	0	0
"DHX9"	0	0	0	0	0	0	1	0	0	0	0	0	0	0	0	0	0	0
"DIABLO"	0	0	0	0	0	0	1	0	0	0	0	0	0	0	0	0	0	0
"DIP2C"	0	0	0	0	1	0	0	0	0	1	1	0	0	0	0	0	0	0
"DKK2"	0	0	0	0	1	0	0	0	0	0	1	0	0	0	0	0	0	0
"DKK3"	0	0	0	0	0	0	0	0	0	1	1	0	0	0	0	0	0	0
"DLC1"	0	0	0	0	1	0	0	0	0	1	1	0	0	0	0	0	0	0
"DLG3"	0	0	0	0	0	0	0	0	1	0	0	0	0	0	0	0	0	0
"DNAH6"	0	1	1	0	0	0	0	0	0	0	0	0	0	0	0	0	0	0
"DNAI1"	0	1	1	0	0	0	0	0	0	0	0	0	0	0	0	0	0	0
"DNAJB4"	0	0	0	0	1	0	0	0	0	0	1	0	0	0	0	0	0	0
"DNAJB9"	1	0	0	1	0	0	0	0	0	0	0	0	0	0	0	0	0	0
"DNAJC1"	1	0	0	1	0	0	0	0	0	0	0	0	0	0	0	0	0	0
"DNPEP"	0	0	0	0	0	0	0	0	1	0	0	0	0	0	0	0	0	0
"DOCK2"	1	0	0	1	1	0	0	1	0	0	0	0	0	1	0	0	0	1
"DOCK4"	1	0	0	1	1	0	0	0	0	0	1	0	0	0	0	0	0	0
"DOK2"	1	0	0	1	0	0	0	1	0	0	0	0	0	1	0	0	0	0
"DPY19L1"	0	0	0	0	0	0	0	0	0	1	0	0	0	0	0	0	0	0
"DPYD"	1	0	0	1	1	0	0	1	0	0	1	0	0	1	0	0	0	0
"DPYSL3"	1	0	0	1	1	0	0	0	0	0	1	0	0	0	0	0	0	0
"DRAM1"	1	0	0	1	1	0	0	1	0	0	1	0	0	1	0	0	0	0
"DSE"	1	0	0	1	1	0	0	0	0	0	1	0	0	0	0	0	0	1
"DST"	0	0	0	0	0	0	0	0	0	0	1	0	0	0	0	0	0	0
"DTNA"	0	0	0	0	0	0	0	0	0	0	0	0	1	0	0	0	0	0
"DTX3"	0	0	0	0	0	0	0	0	0	0	0	0	1	0	0	0	0	0
"DUS4L"	0	0	0	0	0	1	0	0	0	0	0	0	0	0	0	0	0	0
"DUSP1"	1	0	0	1	1	0	0	0	0	0	1	0	0	0	0	0	0	0
"DUSP10"	0	0	0	0	0	0	0	1	0	0	0	0	0	1	0	0	0	0
"DUSP3"	1	0	0	1	1	0	0	0	0	0	1	0	0	0	0	0	0	0
"DYNLT3"	1	0	0	1	1	0	0	0	0	0	1	0	0	0	0	0	0	0
"DYX1C1-CCPG1"	0	0	0	0	0	0	0	0	0	0	1	0	0	0	0	0	0	0
"DZIP1"	0	0	0	0	0	0	0	0	0	1	0	0	0	0	0	0	0	0
"EAF2"	1	0	0	1	0	0	0	0	0	0	0	0	0	0	0	0	0	0
"EBI3"	1	0	0	1	0	0	0	0	0	0	0	0	0	0	0	0	0	0
"ECI1"	0	0	0	0	0	0	0	0	1	0	0	0	0	0	0	0	0	0
"ECM1"	1	0	0	1	1	0	0	0	0	1	1	0	0	0	0	0	0	1
"EDEM1"	1	0	0	1	0	0	0	0	0	0	1	0	0	0	0	0	0	0
"EDN3"	0	1	1	0	0	1	0	0	0	0	0	1	0	0	0	0	0	0
"EDNRA"	1	0	0	1	1	0	0	0	0	1	1	0	0	0	0	0	0	1
"EFEMP1"	1	0	0	1	1	0	0	0	0	0	1	0	0	0	0	0	0	0
"EFEMP2"	0	0	0	0	1	0	0	0	0	1	1	0	0	0	0	0	0	0
"EFHC2"	0	0	0	0	0	1	0	0	0	0	0	0	0	0	0	0	0	0
"EFNA3"	0	0	0	0	0	0	1	0	0	0	0	0	1	0	0	0	0	0
"EFNA4"	0	0	0	0	0	0	1	0	0	0	0	0	1	0	0	0	0	0
"EFS"	0	0	0	0	0	0	0	0	0	1	0	0	0	0	0	0	0	0
"EHD2"	1	0	0	1	1	0	0	0	0	0	1	0	0	0	0	0	0	0
"EID1"	0	0	0	0	0	0	0	0	0	1	0	0	0	0	0	0	0	0
"EIF4EBP3"	0	0	0	0	0	0	0	0	1	0	0	0	0	0	0	0	0	0
"ELF3"	0	0	0	0	0	0	0	0	1	0	0	0	0	0	0	0	0	0
"ELK3"	1	0	0	1	1	0	0	0	0	0	1	0	0	0	0	0	0	0
"ELMO3"	0	0	0	0	0	0	0	0	1	0	0	0	0	0	0	0	0	0
"ELN"	0	0	0	0	1	0	0	0	0	1	1	0	0	0	0	0	0	0
"ELTD1"	1	0	0	1	1	0	0	0	0	0	1	0	0	0	0	0	0	1
"EMCN"	1	0	0	1	1	0	0	0	0	0	1	0	0	0	0	0	0	0
"EMILIN1"	1	0	0	1	1	0	0	0	0	1	1	0	0	0	0	0	0	0
"EMP1"	0	0	0	0	1	0	0	0	0	1	1	0	0	0	0	0	0	0
"EMP3"	1	0	0	1	1	0	0	1	0	0	1	0	0	0	0	0	0	1
"EMR1"	0	0	0	0	0	0	0	1	0	0	0	0	0	1	0	0	0	0
"EMR2"	1	0	0	1	1	0	0	1	0	0	1	0	0	1	0	0	0	0
"ENOX1"	0	0	0	0	1	0	0	0	0	1	1	0	0	0	0	0	0	0
"ENPEP"	0	0	0	0	1	0	0	0	0	0	1	0	0	0	0	0	0	0
"ENPP1"	0	0	0	0	1	0	0	0	0	1	1	0	0	0	0	0	0	0
"ENTPD1"	1	0	0	1	1	0	0	1	0	0	1	0	0	0	0	0	0	1
"ENTPD7"	0	0	0	0	0	0	0	0	0	1	0	0	0	0	0	0	0	0
"EOGT"	1	0	0	1	1	0	0	0	0	0	0	0	0	0	0	0	0	0
"EPB41L3"	1	0	0	1	1	0	0	1	0	0	1	0	0	0	0	0	0	1
"EPYC"	1	0	0	1	1	0	0	0	0	1	1	0	0	0	0	0	0	1
"ETV1"	1	0	0	1	1	0	0	0	0	1	1	0	0	0	0	0	0	0
"ETV7"	0	0	0	0	0	0	0	0	1	0	0	0	0	0	0	0	0	0
"EVC"	0	0	0	0	1	0	0	0	0	0	1	0	0	0	0	0	0	0
"EVI2A"	1	0	0	1	1	0	0	1	0	0	1	0	0	1	0	0	0	1
"EVI2B"	1	0	0	1	1	0	0	1	0	0	0	0	0	1	0	0	0	0
"EVL"	0	0	0	0	1	0	0	0	0	0	0	0	0	0	0	0	0	0
"F13A1"	1	0	0	1	1	0	0	0	0	1	1	0	0	0	0	0	0	0
"FABP4"	1	0	0	1	1	0	0	0	0	1	1	0	0	0	0	0	0	1
"FAM105A"	1	0	0	1	0	0	0	0	0	0	0	0	0	0	0	0	0	0
"FAM114A1"	1	0	0	1	1	0	0	0	0	0	1	0	0	0	0	0	0	0
"FAM120A"	0	0	0	0	0	0	0	1	0	0	0	0	0	1	0	0	0	0
"FAM129A"	1	0	0	1	0	0	0	1	0	0	0	0	0	1	0	0	0	0
"FAM155A"	1	0	0	1	1	0	0	0	0	1	1	0	0	0	0	0	0	0
"FAM168B"	0	0	0	0	0	0	1	0	0	0	0	0	1	0	0	0	0	0
"FAM169A"	0	0	0	0	0	0	1	0	0	0	0	0	1	0	0	0	0	0
"FAM198B"	0	0	0	0	1	0	0	0	0	0	1	0	0	0	0	0	0	0
"FAM46A"	1	0	0	1	1	0	0	0	0	0	1	0	0	0	0	0	0	0
"FAM49A"	1	0	0	1	0	0	0	0	0	0	0	0	0	0	0	0	0	0
"FAM60A"	0	1	1	0	0	0	1	0	0	0	0	0	0	0	0	0	0	0
"FAM63B"	0	0	0	0	1	0	0	0	0	0	1	0	0	0	0	0	0	0
"FAM69A"	1	0	0	1	1	0	0	0	0	0	1	0	0	0	0	0	0	0
"FAP"	1	0	0	1	1	0	0	0	0	1	1	0	0	0	0	0	0	1
"FAS"	1	0	0	1	1	0	0	0	0	0	1	0	0	1	0	0	0	0
"FASLG"	1	0	0	1	0	0	0	1	0	0	0	0	0	1	0	0	0	0
"FAT1"	0	0	0	0	0	0	0	0	0	0	1	0	0	0	0	0	0	0
"FAT4"	0	0	0	0	0	0	0	0	0	1	0	0	0	0	0	0	0	0
"FBLN2"	0	0	0	0	1	0	0	0	0	1	1	0	0	0	0	0	0	0
"FBN1"	1	0	0	1	1	0	0	0	0	1	1	0	0	0	0	0	0	1
"FBP1"	0	0	0	0	0	0	0	0	0	0	0	0	0	1	0	0	0	0
"FBXO21"	0	0	1	0	0	0	0	0	0	0	0	0	0	0	0	0	0	0
"FCER1G"	1	0	0	1	0	0	0	1	0	0	0	0	0	1	0	0	0	0
"FCGR1A"	1	0	0	1	1	0	0	1	0	0	1	0	0	1	0	0	0	0
"FCGR1B"	1	0	0	1	1	0	0	1	0	0	1	0	0	1	0	0	0	0
"FCGR1C"	1	0	0	1	1	0	0	1	0	0	1	0	0	1	0	0	0	0
"FCGR2A"	1	0	0	1	1	0	0	1	0	0	1	0	0	1	0	0	0	0
"FCGR2B"	1	0	0	1	1	0	0	1	0	0	1	0	0	1	0	0	0	0
"FCGR3A"	1	0	0	1	1	0	0	1	0	0	1	0	0	1	0	0	0	0
"FCGR3B"	1	0	0	1	1	0	0	1	0	0	1	0	0	1	0	0	0	0
"FCN1"	1	0	0	1	0	0	0	1	0	0	0	0	0	1	0	0	0	0
"FERMT2"	0	0	0	0	1	0	0	0	0	0	0	0	0	0	0	0	0	0
"FEZ1"	0	0	0	0	1	0	0	0	0	1	1	0	0	0	0	0	0	0
"FGF1"	1	0	0	1	1	0	0	0	0	1	1	0	0	0	0	0	0	1
"FGF7"	0	0	0	0	1	0	0	0	0	1	1	0	0	0	0	0	0	0
"FGL2"	1	0	0	1	1	0	0	1	0	0	0	0	0	1	0	0	0	0
"FGR"	1	0	0	1	1	0	0	1	0	0	0	0	0	1	0	0	0	1
"FHL3"	0	0	0	0	0	0	0	0	0	0	1	0	0	0	0	0	0	0
"FHOD3"	0	0	0	0	0	0	0	0	0	0	1	0	0	0	0	0	0	0
"FILIP1L"	1	0	0	1	1	0	0	0	0	1	1	0	0	0	0	0	0	0
"FKBP11"	1	0	0	1	1	0	0	0	0	0	0	0	0	0	0	0	0	0
"FKBP14"	0	0	0	0	1	0	0	0	0	1	1	0	0	0	0	0	0	0
"FKBP15"	1	0	0	1	1	0	0	1	0	0	0	0	0	0	0	0	0	0
"FKBP4"	0	1	1	0	0	0	0	0	0	0	0	0	0	0	0	0	0	0
"FKBPL"	0	0	0	0	0	0	0	0	0	0	0	1	0	0	0	0	0	0
"FLI1"	1	0	0	1	1	0	0	1	0	0	1	0	0	1	0	0	0	1
"FLNA"	0	0	0	0	0	0	0	0	0	0	1	0	0	0	0	0	0	0
"FLNC"	0	0	0	0	0	0	0	0	0	1	0	0	0	0	0	0	0	1
"FLRT2"	0	0	0	0	0	0	0	0	0	0	1	0	0	0	0	0	0	0
"FLT1"	1	0	0	1	1	0	0	0	0	0	0	0	0	0	0	0	0	0
"FLT3LG"	1	0	0	1	0	0	0	0	0	0	0	0	0	0	0	0	0	0
"FLVCR2"	1	0	0	1	0	0	0	0	0	0	0	0	0	0	0	0	0	0
"FMNL1"	1	0	0	1	0	0	0	1	0	0	0	0	0	1	0	0	0	0
"FMO2"	1	0	0	1	1	0	0	1	0	0	1	0	0	0	0	0	0	0
"FN1"	1	0	0	1	1	0	0	0	0	1	1	0	0	0	0	0	0	1
"FOLR2"	1	0	0	1	1	0	0	0	0	0	0	0	0	0	0	0	0	0
"FOXF1"	0	0	0	0	1	0	0	0	0	1	1	0	0	0	0	0	0	1
"FOXN3"	0	0	0	0	1	0	0	0	0	0	1	0	0	0	0	0	0	0
"FPR1"	1	0	0	1	1	0	0	1	0	0	1	0	0	1	0	0	0	0
"FPR3"	1	0	0	1	1	0	0	1	0	0	1	0	0	1	0	0	0	1
"FSCN1"	0	0	0	0	1	0	0	0	0	1	0	0	0	0	0	0	0	0
"FSTL1"	0	0	0	0	1	0	0	0	0	1	1	0	0	0	0	0	0	0
"FSTL3"	0	0	0	0	1	0	0	0	0	1	1	0	0	0	0	0	0	0
"FTH1"	0	0	0	0	0	0	0	1	0	0	0	0	0	1	0	0	0	0
"FTL"	1	0	0	1	1	0	0	0	0	0	1	0	0	0	0	0	0	1
"FTLP3"	1	0	0	1	1	0	0	0	0	0	1	0	0	0	0	0	0	1
"FTO"	0	0	0	0	0	0	0	0	0	1	0	0	0	0	0	0	0	0
"FUZ"	0	1	1	0	0	0	0	0	0	0	0	0	0	0	0	0	0	0
"FXYD3"	0	0	0	0	0	0	0	0	1	0	0	0	0	0	0	0	1	0
"FXYD5"	1	0	0	1	1	0	0	0	0	0	1	0	0	0	0	0	0	0
"FYB"	1	0	0	1	1	0	0	1	0	0	1	0	0	1	0	0	0	0
"FYN"	0	0	0	0	0	0	0	0	0	1	0	0	0	0	0	0	0	0
"FZD2"	0	0	0	0	0	0	1	0	0	1	0	0	1	0	0	0	0	1
"FZD7"	0	0	0	0	0	0	0	0	0	1	0	0	0	0	0	0	0	0
"G0S2"	1	0	0	1	1	0	0	0	0	0	0	0	0	0	0	0	0	0
"GABBR1"	0	0	0	0	0	0	0	1	0	0	0	0	0	1	0	0	0	0
"GADD45B"	1	0	0	1	1	0	0	0	0	0	1	0	0	0	0	0	0	0
"GAL3ST4"	1	0	0	1	1	0	0	0	0	0	1	0	0	0	0	0	0	0
"GALNT1"	0	0	0	0	1	0	0	0	0	1	1	0	0	0	0	0	0	0
"GALNT10"	1	0	0	1	1	0	0	0	0	0	1	0	0	0	0	0	0	0
"GAS1"	1	0	0	1	1	0	0	0	0	0	1	0	0	0	0	0	0	0
"GAS7"	0	0	0	0	1	0	0	0	0	1	1	0	0	0	0	0	0	1
"GAS8"	0	1	1	0	0	1	0	0	0	0	0	0	0	0	0	0	0	0
"GATA3"	0	0	0	0	1	0	0	0	0	0	0	0	0	0	0	0	0	0
"GBP1"	1	0	0	1	0	0	0	1	0	0	0	0	0	1	1	0	0	0
"GBP1P1"	1	0	0	1	0	0	0	1	0	0	0	0	0	1	1	0	0	0
"GBP2"	1	0	0	1	1	0	0	1	0	0	1	0	0	1	1	0	0	0
"GDF11"	0	0	0	0	0	0	1	0	0	0	0	0	1	0	0	0	0	0
"GEM"	1	0	0	1	1	0	0	0	0	1	1	0	0	0	0	0	0	1
"GFPT2"	1	0	0	1	1	0	0	0	0	1	1	0	0	0	0	0	0	1
"GGT5"	1	0	0	1	1	0	0	1	0	0	1	0	0	0	0	0	0	0
"GHR"	0	0	0	0	1	0	0	0	0	0	1	0	0	0	0	0	0	0
"GIMAP4"	1	0	0	1	1	0	0	1	0	0	0	0	0	1	0	0	0	0
"GIMAP5"	1	0	0	1	1	0	0	1	0	0	0	0	0	1	0	0	0	1
"GIMAP6"	1	0	0	1	1	0	0	1	0	0	0	0	0	1	0	0	0	0
"GJA1"	1	0	0	1	1	0	0	0	0	0	1	0	0	0	0	0	0	0
"GJB1"	0	0	0	0	0	0	0	0	1	0	0	0	0	0	0	0	0	0
"GLB1L2"	0	0	0	0	0	1	0	0	0	0	0	0	0	0	0	0	0	0
"GLI3"	0	0	0	0	1	0	0	0	0	1	1	0	0	0	0	0	0	0
"GLIPR1"	1	0	0	1	1	0	0	1	0	0	1	0	0	0	0	0	0	1
"GLRX"	1	0	0	1	1	0	0	1	0	0	0	0	0	1	0	0	0	0
"GLS2"	0	1	1	0	0	1	0	0	0	0	0	0	0	0	0	0	0	0
"GLT8D2"	1	0	0	1	1	0	0	0	0	1	1	0	0	0	0	0	0	1
"GM2A"	1	0	0	1	1	0	0	0	0	0	0	0	0	0	0	0	0	0
"GMFG"	1	0	0	1	1	0	0	1	0	0	0	0	0	1	0	0	0	0
"GMPR"	0	0	0	0	0	0	0	0	1	0	0	0	0	0	0	0	0	0
"GNA15"	1	0	0	1	1	0	0	1	0	0	0	0	0	1	0	0	0	0
"GNLY"	1	0	0	1	0	0	0	1	0	0	0	0	0	1	0	0	0	0
"GOLGA2P7"	0	0	0	0	0	1	0	0	0	0	0	0	0	0	0	0	0	0
"GOLIM4"	0	0	0	0	0	0	0	0	0	1	0	0	0	0	0	0	0	0
"GPC1"	0	0	0	0	0	0	0	0	0	0	0	0	0	0	0	1	0	0
"GPR116"	1	0	0	1	1	0	0	0	0	0	1	0	0	0	0	0	0	0
"GPR137B"	1	0	0	1	1	0	0	0	0	0	0	0	0	0	0	0	0	0
"GPR171"	1	0	0	1	0	0	0	1	0	0	0	0	0	1	0	0	0	1
"GPR18"	1	0	0	1	0	0	0	1	0	0	0	0	0	1	0	0	0	0
"GPR183"	1	0	0	1	1	0	0	1	0	0	1	0	0	1	0	0	0	1
"GPR65"	1	0	0	1	1	0	0	1	0	0	0	0	0	1	0	0	0	0
"GPR78"	0	0	0	0	1	0	0	0	0	0	1	0	0	0	0	0	0	0
"GREM1"	1	0	0	1	1	0	0	0	0	1	1	0	0	0	0	0	0	1
"GRN"	1	0	0	1	0	0	0	0	0	0	0	0	0	0	0	0	0	0
"GRP"	1	0	0	1	1	0	0	0	0	1	1	0	0	0	0	0	0	1
"GSAP"	0	0	0	0	0	0	0	0	0	0	0	0	0	1	0	0	0	0
"GSDMD"	0	0	0	0	0	0	0	1	0	0	0	0	0	1	0	0	0	0
"GSTK1"	0	0	0	0	0	0	0	0	1	0	0	0	0	0	0	0	0	0
"GUCY1A3"	1	0	0	1	1	0	0	0	0	0	1	0	0	0	0	0	0	1
"GVINP1"	1	0	0	1	0	0	0	1	0	0	0	0	0	1	0	0	0	0
"GYPC"	1	0	0	1	1	0	0	1	0	0	0	0	0	0	0	0	0	0
"GZMA"	1	0	0	1	1	0	0	1	0	0	0	0	0	1	0	0	0	0
"GZMB"	1	0	0	1	0	0	0	1	0	0	0	0	0	1	0	0	0	0
"GZMH"	1	0	0	1	0	0	0	1	0	0	0	0	0	1	0	0	0	0
"GZMK"	1	0	0	1	1	0	0	1	0	0	0	0	0	1	0	0	0	1
"H2AFY2"	0	0	0	0	0	0	1	0	0	0	0	0	1	0	0	0	0	0
"HAMP"	1	0	0	1	0	0	0	0	0	0	0	0	0	0	0	0	0	0
"HAS2"	1	0	0	1	1	0	0	0	0	0	1	0	0	0	0	0	0	0
"HBEGF"	1	0	0	1	1	0	0	0	0	0	1	0	0	0	0	0	0	0
"HCK"	1	0	0	1	1	0	0	1	0	0	0	0	0	1	0	0	0	1
"HCP5"	0	0	0	0	0	0	0	1	0	0	0	0	0	1	0	0	0	0
"HEPH"	1	0	0	1	1	0	0	0	0	1	1	0	0	0	0	0	0	0
"HERC5"	0	0	0	0	0	0	0	0	0	0	0	0	0	0	1	0	0	0
"HERC6"	0	0	0	0	0	0	0	1	0	0	0	0	0	0	0	0	0	0
"HEXB"	1	0	0	1	1	0	0	0	0	0	1	0	0	0	0	0	0	0
"HHEX"	1	0	0	1	0	0	0	0	0	0	0	0	0	0	0	0	0	0
"HIF1A"	0	0	0	0	1	0	0	0	0	0	1	0	0	0	0	0	0	0
"HIPK1"	1	0	0	1	1	0	0	0	0	1	1	0	0	0	0	0	0	1
"HK3"	1	0	0	1	0	0	0	1	0	0	0	0	0	1	0	0	0	0
"HLA-A"	1	0	0	1	0	0	0	1	0	0	0	0	0	1	0	0	0	0
"HLA-B"	1	0	0	1	0	0	0	1	0	0	0	0	0	1	0	0	0	0
"HLA-C"	1	0	0	1	1	0	0	1	0	0	0	0	0	1	0	0	0	0
"HLA-DMA"	0	0	0	0	0	0	0	1	0	0	0	0	0	1	0	0	0	0
"HLA-DMB"	0	0	0	0	0	0	0	1	0	0	0	0	0	1	0	0	0	0
"HLA-DOA"	1	0	0	1	0	0	0	1	0	0	0	0	0	1	0	0	0	0
"HLA-DOB"	0	0	0	0	0	0	0	1	0	0	0	0	0	1	1	0	0	0
"HLA-DPA1"	1	0	0	1	1	0	0	1	0	0	0	0	0	1	0	0	0	0
"HLA-DPB1"	1	0	0	1	1	0	0	1	0	0	0	0	0	1	0	0	0	0
"HLA-DQB2"	0	0	0	0	0	0	0	1	0	0	0	0	0	1	0	0	0	0
"HLA-DRA"	1	0	0	1	1	0	0	1	0	0	0	0	0	1	0	0	0	0
"HLA-DRB1"	0	0	0	0	0	0	0	1	0	0	0	0	0	1	0	0	0	0
"HLA-E"	1	0	0	1	0	0	0	1	0	0	0	0	0	1	0	0	0	0
"HLA-F"	1	0	0	1	0	0	0	1	0	0	0	0	0	1	0	0	0	0
"HLA-J"	1	0	0	1	0	0	0	1	0	0	0	0	0	1	0	0	0	0
"HLX"	1	0	0	1	1	0	0	0	0	0	1	0	0	0	0	0	0	1
"HMOX1"	1	0	0	1	1	0	0	1	0	0	1	0	0	0	0	0	0	0
"HNMT"	1	0	0	1	1	0	0	0	0	0	0	0	0	0	0	0	0	0
"HNRNPC"	0	1	1	0	0	0	0	0	0	0	0	0	0	0	0	0	0	0
"HNRNPCP2"	0	1	1	0	0	0	0	0	0	0	0	0	0	0	0	0	0	0
"HNRNPH3"	0	0	0	0	0	0	1	0	0	0	0	0	0	0	0	0	0	0
"HOMER3"	0	0	0	0	0	0	0	0	0	1	0	0	0	0	0	0	0	0
"HOOK1"	0	1	1	0	0	1	0	0	0	0	0	0	0	0	0	0	0	0
"HOPX"	1	0	0	1	1	0	0	0	0	0	1	0	0	0	0	0	0	0
"HOXA5"	0	0	0	0	1	0	0	0	0	0	1	0	0	0	0	0	0	0
"HP"	0	0	0	0	0	0	0	1	0	0	0	0	0	1	0	0	0	0
"HPGDS"	0	0	0	0	0	0	0	1	0	0	0	0	0	1	0	0	0	0
"HPR"	0	0	0	0	0	0	0	1	0	0	0	0	0	1	0	0	0	0
"HPSE"	0	0	0	0	0	0	0	1	0	0	0	0	0	0	1	0	0	0
"HSD11B2"	0	0	0	0	0	0	0	0	0	0	0	1	0	0	0	0	0	0
"HSD17B6"	1	0	0	1	1	0	0	0	0	1	1	0	0	0	0	0	0	1
"HSPB8"	0	0	0	0	1	0	0	0	0	0	1	0	0	0	0	0	0	0
"HSPG2"	0	0	0	0	0	0	0	0	0	1	1	0	0	0	0	0	0	0
"HTR2B"	1	0	0	1	1	0	0	0	0	0	1	0	0	0	0	0	0	0
"HTRA1"	1	0	0	1	1	0	0	0	0	0	1	0	0	0	0	0	0	0
"HYAL3"	0	0	0	0	0	1	0	0	0	0	0	0	0	0	0	0	0	0
"ICAM3"	0	0	0	0	0	0	0	1	0	0	0	0	0	1	0	0	0	0
"ICOS"	1	0	0	1	0	0	0	1	0	0	0	0	0	1	0	0	0	0
"ID1"	0	0	0	0	0	0	0	0	0	1	1	0	0	0	0	0	0	0
"ID2"	0	0	0	0	1	0	0	0	0	0	0	0	0	0	0	0	0	0
"ID3"	0	0	0	1	1	0	0	0	0	1	1	0	0	0	0	0	0	0
"IDO1"	0	0	0	0	0	0	0	1	0	0	0	0	0	1	1	0	0	0
"IER3"	1	0	0	1	1	0	0	0	0	0	0	0	0	0	0	0	0	0
"IFFO1"	1	0	0	1	1	0	0	1	0	0	1	0	0	1	0	0	0	1
"IFI16"	0	0	0	0	0	0	0	1	0	0	0	0	0	1	1	0	0	0
"IFI27"	0	0	0	0	0	0	0	1	0	0	0	0	0	0	1	0	0	0
"IFI35"	0	0	0	0	0	0	0	1	0	0	0	0	0	1	1	0	0	0
"IFI44"	0	0	0	0	0	0	0	1	0	0	0	0	0	0	0	0	0	0
"IFI44L"	0	0	0	0	0	0	0	1	0	0	0	0	0	0	0	0	0	0
"IFIH1"	0	0	0	0	0	0	0	1	0	0	0	0	0	1	0	0	0	0
"IFIT2"	0	0	0	0	0	0	0	1	0	0	0	0	0	1	0	0	0	0
"IFIT3"	0	0	0	0	0	0	0	1	0	0	0	0	0	1	1	0	0	0
"IFITM1"	0	0	0	0	0	0	0	1	0	0	0	0	0	0	0	0	0	0
"IFITM2"	0	0	0	0	0	0	0	1	0	0	0	0	0	0	0	0	0	0
"IFITM3"	0	0	0	0	0	0	0	1	0	0	0	0	0	0	0	0	0	0
"IFNG"	1	0	0	1	0	0	0	0	0	0	0	0	0	0	0	0	0	0
"IFNGR1"	1	0	0	1	0	0	0	1	0	0	0	0	0	1	0	0	0	0
"IFRD2"	0	0	0	0	0	1	0	0	0	0	0	0	0	0	0	0	0	0
"IGF1"	0	0	0	0	1	0	0	0	0	1	1	0	0	0	0	0	0	0
"IGFBP3"	0	0	0	0	1	0	0	0	0	0	1	0	0	0	0	0	0	0
"IGFBP4"	1	0	0	1	1	0	0	0	0	1	1	0	0	0	0	0	0	0
"IGFBP5"	0	0	0	0	0	0	0	0	0	1	0	0	0	0	0	0	0	0
"IGFBP6"	0	0	0	0	1	0	0	0	0	0	1	0	0	0	0	0	0	0
"IGFBP7"	0	0	0	0	1	0	0	0	0	1	1	0	0	0	0	0	0	0
"IGFLR1"	1	0	0	1	0	0	0	0	0	0	0	0	0	0	0	0	0	0
"IGHM"	1	0	0	1	0	0	0	1	0	0	0	0	0	1	0	0	0	0
"IGHV1-2"	1	0	0	1	0	0	0	0	0	0	0	0	0	0	0	0	0	0
"IGHV3-23"	1	0	0	1	0	0	0	1	0	0	0	0	0	1	0	0	0	0
"IGHV3-30"	1	0	0	1	0	0	0	1	0	0	0	0	0	0	0	0	0	0
"IGHV3-33"	1	0	0	1	0	0	0	1	0	0	0	0	0	0	0	0	0	0
"IGJ"	1	0	0	1	1	0	0	1	0	0	0	0	0	1	0	0	0	0
"IGKV1-13"	1	0	0	1	1	0	0	1	0	0	0	0	0	0	0	0	0	1
"IGKV1-39"	1	0	0	1	1	0	0	1	0	0	0	0	0	1	0	0	0	1
"IGKV1D-13"	1	0	0	1	1	0	0	1	0	0	0	0	0	0	0	0	0	1
"IGKV1D-39"	1	0	0	1	1	0	0	1	0	0	0	0	0	1	0	0	0	1
"IGKV1OR2-108"	1	0	0	1	1	0	0	1	0	0	0	0	0	0	0	0	0	1
"IGKV2-28"	1	0	0	1	1	0	0	1	0	0	0	0	0	0	0	0	0	0
"IGKV2D-28"	1	0	0	1	1	0	0	1	0	0	0	0	0	0	0	0	0	0
"IGKV4-1"	1	0	0	1	1	0	0	1	0	0	0	0	0	0	0	0	0	1
"IGLL3P"	1	0	0	1	1	0	0	1	0	0	0	0	0	1	0	0	0	1
"IGSF3"	0	0	0	0	0	0	1	0	0	0	0	0	1	0	0	0	0	0
"IGSF6"	1	0	0	1	1	0	0	1	0	0	0	0	0	1	0	0	0	0
"IKZF1"	1	0	0	1	1	0	0	1	0	0	0	0	0	1	0	0	0	0
"IL10"	1	0	0	1	0	0	0	0	0	0	0	0	0	0	0	0	0	0
"IL10RA"	1	0	0	1	1	0	0	1	0	0	1	0	0	1	0	0	0	1
"IL15"	0	0	0	0	0	0	0	1	0	0	0	0	0	1	0	0	0	0
"IL15RA"	0	0	0	0	0	0	0	1	0	0	0	0	0	1	1	0	0	0
"IL16"	1	0	0	1	1	0	0	1	0	0	1	0	0	1	0	0	0	1
"IL18"	1	0	0	1	0	0	0	1	0	0	0	0	0	1	0	0	0	0
"IL18R1"	0	0	0	0	0	0	0	0	0	1	0	0	0	0	0	0	0	0
"IL18RAP"	1	0	0	1	0	0	0	1	0	0	0	0	0	1	0	0	0	0
"IL1B"	1	0	0	1	0	0	0	1	0	0	0	0	0	1	0	0	0	0
"IL21R"	1	0	0	1	0	0	0	1	0	0	0	0	0	1	0	0	0	0
"IL2RA"	1	0	0	1	1	0	0	1	0	0	0	0	0	1	0	0	0	0
"IL2RB"	1	0	0	1	1	0	0	1	0	0	0	0	0	1	0	0	0	0
"IL2RG"	1	0	0	1	1	0	0	1	0	0	0	0	0	1	0	0	0	0
"IL4R"	1	0	0	1	1	0	0	1	0	0	1	0	0	1	0	0	0	0
"IL6"	1	0	0	1	1	0	0	0	0	0	0	0	0	0	0	0	0	0
"IL7"	1	0	0	1	0	0	0	1	0	0	0	0	0	1	0	0	0	0
"IL7R"	1	0	0	1	1	0	0	1	0	0	1	0	0	1	0	0	0	1
"ING4"	0	0	1	0	0	0	0	0	0	0	0	0	0	0	0	0	0	0
"INHBA"	1	0	0	1	1	0	0	0	0	1	1	0	0	0	0	0	0	1
"INPP5D"	1	0	0	1	1	0	0	1	0	0	0	0	0	1	0	0	0	0
"INPP5F"	0	0	0	0	1	0	0	0	0	1	1	0	0	0	0	0	0	0
"IQCG"	0	0	0	0	0	0	0	0	0	0	0	1	0	0	0	0	0	0
"IQCJ-SCHIP1"	0	0	0	0	0	0	0	0	0	1	0	0	0	0	0	0	0	0
"IRF1"	0	0	0	0	0	0	0	1	0	0	0	0	0	1	1	0	0	0
"IRF2"	0	0	0	0	0	0	0	1	0	0	0	0	0	1	0	0	0	0
"IRF8"	1	0	0	1	1	0	0	0	0	0	0	0	0	0	0	0	0	0
"IRS1"	0	0	0	0	0	0	0	0	0	0	0	0	0	0	0	1	0	0
"ISG20"	0	0	0	0	0	0	0	1	0	0	0	0	0	1	0	0	0	0
"ISL1"	0	0	0	0	1	0	0	0	0	0	1	0	0	0	0	0	0	0
"ISLR"	1	0	0	1	1	0	0	0	0	0	1	0	0	0	0	0	0	0
"ISYNA1"	0	0	0	0	0	1	0	0	0	0	0	0	0	0	0	0	0	0
"ITGA1"	1	0	0	1	1	0	0	0	0	1	1	0	0	0	0	0	0	0
"ITGA4"	1	0	0	1	0	0	0	1	0	0	0	0	0	1	0	0	0	0
"ITGA5"	1	0	0	1	1	0	0	0	0	1	1	0	0	0	0	0	0	1
"ITGAL"	1	0	0	1	0	0	0	1	0	0	0	0	0	1	0	0	0	0
"ITGAV"	1	0	0	1	1	0	0	0	0	0	1	0	0	0	0	0	0	0
"ITGAX"	1	0	0	1	0	0	0	1	0	0	0	0	0	1	0	0	0	0
"ITGB1"	0	0	0	1	1	0	0	0	0	1	1	0	0	0	0	0	0	1
"ITGB2"	1	0	0	1	1	0	0	1	0	0	1	0	0	1	0	0	0	0
"ITGB5"	0	0	0	0	1	0	0	0	0	1	1	0	0	0	0	0	0	1
"ITGB7"	0	0	0	0	0	0	0	1	0	0	0	0	0	1	1	0	0	0
"ITGBL1"	1	0	0	1	1	0	0	0	0	1	1	0	0	0	0	0	0	1
"ITK"	1	0	0	1	0	0	0	1	0	0	0	0	0	1	0	0	0	1
"ITM2A"	1	0	0	1	1	0	0	0	0	0	0	0	0	0	0	0	0	0
"ITM2C"	0	0	0	0	0	0	1	0	0	0	0	0	0	0	0	0	0	0
"JAK2"	1	0	0	1	0	0	0	1	0	0	0	0	0	1	0	0	0	0
"JAM2"	0	0	0	0	1	0	0	0	0	1	1	0	0	0	0	0	0	0
"JAM3"	0	0	0	0	1	0	0	0	0	1	1	0	0	0	0	0	0	0
"JARID2"	0	0	0	0	0	0	1	0	0	0	0	0	0	0	0	0	0	0
"JOSD1"	0	0	0	1	0	0	0	0	0	0	0	0	0	0	0	0	0	0
"KAL1"	1	0	0	1	1	0	0	0	0	0	1	0	0	0	0	0	0	0
"KANK2"	0	0	0	0	0	0	0	0	0	0	1	0	0	0	0	0	0	0
"KCNAB2"	1	0	0	1	0	0	0	1	0	0	0	0	0	0	0	0	0	0
"KCNE4"	1	0	0	1	1	0	0	0	0	1	1	0	0	0	0	0	0	1
"KCNJ8"	0	0	0	0	1	0	0	0	0	1	1	0	0	0	0	0	0	1
"KDELC1"	0	0	0	0	1	0	0	0	0	1	1	0	0	0	0	0	0	1
"KDELR3"	1	0	0	1	1	0	0	0	0	0	1	0	0	0	0	0	0	0
"KDM1A"	0	0	0	0	0	0	1	0	0	0	0	0	1	0	0	0	0	0
"KDM4D"	0	1	1	0	0	0	0	0	0	0	0	0	0	0	0	0	0	0
"KDR"	0	0	0	0	1	0	0	0	0	0	0	0	0	0	0	0	0	0
"KHDRBS1"	0	0	0	0	0	0	1	0	0	0	0	0	0	0	0	0	0	0
"KIAA0226L"	1	0	0	1	1	0	0	0	0	0	1	0	0	0	0	0	0	0
"KIAA0247"	1	0	0	1	1	0	0	1	0	0	1	0	0	1	0	0	0	0
"KIAA0930"	1	0	0	1	1	0	0	1	0	0	1	0	0	0	0	0	0	0
"KIAA1199"	0	0	0	0	1	0	0	0	0	0	1	0	0	0	0	0	0	0
"KIAA1467"	0	0	0	0	0	0	1	0	0	0	0	0	0	0	0	0	0	0
"KIDINS220"	0	0	0	0	0	0	0	0	0	1	0	0	0	0	0	0	0	0
"KIF26B"	0	0	0	0	1	0	0	0	0	1	1	0	0	0	0	0	0	1
"KIF3C"	0	0	0	0	0	0	0	0	0	1	0	0	0	0	0	0	0	0
"KIF5C"	0	1	0	0	0	1	0	0	0	0	0	0	0	0	0	0	0	0
"KIFC3"	0	0	0	0	0	0	0	0	0	0	1	0	0	0	0	0	0	0
"KIR2DL2"	0	0	0	0	0	0	0	1	0	0	0	0	0	0	0	0	0	0
"KIR2DL4"	0	0	0	0	0	0	0	1	0	0	0	0	0	0	0	0	0	0
"KIT"	0	0	0	0	0	0	0	0	0	1	0	0	0	0	0	0	0	0
"KLF6"	1	0	0	1	1	0	0	0	0	0	1	0	0	0	0	0	0	0
"KLF9"	1	0	0	0	1	0	0	0	0	0	1	0	0	0	0	0	0	0
"KLHDC8A"	0	1	1	0	0	1	0	0	0	0	0	0	0	0	0	0	0	0
"KLHL23"	0	1	1	0	0	1	1	0	0	0	0	0	1	0	0	0	0	0
"KLK7"	0	0	0	0	0	0	0	0	1	0	0	0	0	0	0	0	0	0
"KLRB1"	1	0	0	1	0	0	0	1	0	0	0	0	0	1	0	0	0	0
"KLRC4-KLRK1"	1	0	0	1	0	0	0	1	0	0	0	0	0	1	0	0	0	0
"KLRD1"	1	0	0	1	0	0	0	1	0	0	0	0	0	1	0	0	0	0
"KLRK1"	1	0	0	1	0	0	0	1	0	0	0	0	0	1	0	0	0	0
"KYNU"	1	0	0	1	0	0	0	1	0	0	0	0	0	1	0	0	0	0
"L2HGDH"	0	0	0	0	0	1	0	0	0	0	0	0	0	0	0	0	0	0
"LAG3"	1	0	0	1	0	0	0	0	0	0	0	0	0	0	1	0	0	0
"LAIR1"	1	0	0	1	1	0	0	1	0	0	1	0	0	1	0	0	0	1
"LAIR2"	1	0	0	1	0	0	0	1	0	0	0	0	0	1	0	0	0	0
"LAMB1"	0	0	0	0	1	0	0	0	0	1	1	0	0	0	0	0	0	0
"LAMP3"	0	0	0	0	0	0	0	1	0	0	0	0	0	0	1	0	0	0
"LANCL1"	0	0	0	0	0	0	1	0	0	0	0	0	0	0	0	0	0	0
"LAPTM5"	1	0	0	1	1	0	0	1	0	0	1	0	0	1	0	0	0	0
"LAT2"	1	0	0	1	1	0	0	1	0	0	0	0	0	1	0	0	0	0
"LAX1"	1	0	0	1	0	0	0	0	0	0	0	0	0	0	0	0	0	1
"LCK"	1	0	0	1	0	0	0	1	0	0	0	0	0	0	0	0	0	1
"LCP1"	1	0	0	1	1	0	0	1	0	0	0	0	0	0	0	0	0	0
"LCP2"	1	0	0	1	1	0	0	1	0	0	0	0	0	1	0	0	0	0
"LDLRAD4"	1	0	0	1	0	0	0	0	0	0	0	0	0	0	0	0	0	0
"LEPRE1"	0	0	0	0	1	0	0	0	0	1	1	0	0	0	0	0	0	1
"LEPREL2"	0	0	0	0	1	0	0	0	0	1	1	0	0	0	0	0	0	0
"LEPREL4"	0	0	0	0	0	0	0	0	0	1	0	0	0	0	0	0	0	0
"LETMD1"	0	1	1	0	0	1	0	0	0	0	0	0	0	0	0	0	0	0
"LGALS1"	1	0	0	1	1	0	0	1	0	0	1	0	0	0	0	0	0	1
"LGALS3"	0	0	0	0	0	0	0	0	0	0	0	0	0	1	0	0	0	0
"LGMN"	1	0	0	1	1	0	0	0	0	0	0	0	0	0	0	0	0	0
"LHFP"	1	0	0	1	1	0	0	0	0	1	1	0	0	0	0	0	0	0
"LILRA2"	1	0	0	1	0	0	0	1	0	0	0	0	0	0	0	0	0	0
"LILRB1"	1	0	0	1	1	0	0	1	0	0	0	0	0	1	0	0	0	0
"LILRB2"	1	0	0	1	1	0	0	1	0	0	0	0	0	1	0	0	0	0
"LILRB4"	1	0	0	1	0	0	0	1	0	0	0	0	0	1	0	0	0	0
"LIMA1"	1	0	0	1	1	0	0	0	0	0	1	0	0	0	0	0	0	0
"LIPA"	1	0	0	1	0	0	0	1	0	0	0	0	0	0	0	0	0	0
"LMCD1"	0	0	0	0	1	0	0	0	0	0	1	0	0	0	0	0	0	0
"LMNA"	0	0	0	0	0	0	0	0	0	0	0	0	0	1	0	0	0	0
"LMOD1"	1	0	0	1	1	0	0	0	0	1	1	0	0	0	0	0	0	0
"LOXL1"	1	0	0	1	1	0	0	0	0	1	1	0	0	0	0	0	0	0
"LOXL2"	1	0	0	1	1	0	0	0	0	1	1	0	0	0	0	0	0	1
"LPAR1"	0	0	0	1	1	0	0	0	0	0	1	0	0	0	0	0	0	0
"LPAR6"	1	0	0	1	1	0	0	1	0	0	1	0	0	1	0	0	0	0
"LPL"	0	0	0	0	1	0	0	0	0	0	1	0	0	0	0	0	0	0
"LPP"	0	0	0	0	0	0	0	0	0	0	1	0	0	0	0	0	0	0
"LPXN"	1	0	0	1	1	0	0	1	0	0	0	0	0	1	0	0	0	0
"LRMP"	1	0	0	1	0	0	0	1	0	0	0	0	0	1	0	0	0	0
"LRP1"	0	0	0	0	1	0	0	0	0	1	1	0	0	0	0	0	0	0
"LRP10"	0	0	0	0	0	0	0	1	0	0	0	0	0	1	0	0	0	0
"LRP4"	0	0	0	0	0	0	1	0	0	1	0	0	1	0	0	0	0	0
"LRRC15"	1	0	0	1	1	0	0	0	0	0	1	0	0	0	0	0	0	0
"LRRC17"	0	0	0	0	1	0	0	0	0	1	1	0	0	0	0	0	0	0
"LRRC23"	0	1	1	0	0	0	0	0	0	0	0	0	0	0	0	0	0	0
"LRRC32"	0	0	0	0	1	0	0	0	0	0	1	0	0	0	0	0	0	0
"LSP1"	1	0	0	1	1	0	0	1	0	0	1	0	0	1	0	0	0	0
"LST1"	1	0	0	1	1	0	0	1	0	0	0	0	0	1	0	0	0	0
"LTBP2"	1	0	0	1	1	0	0	0	0	1	1	0	0	0	0	0	0	0
"LXN"	1	0	0	1	1	0	0	1	0	0	1	0	0	0	0	0	0	0
"LY6E"	0	0	0	0	0	0	0	1	0	0	0	0	0	0	0	0	0	0
"LY86"	1	0	0	1	1	0	0	1	0	0	1	0	0	1	0	0	0	0
"LY96"	1	0	0	1	1	0	0	1	0	0	1	0	0	1	0	0	0	0
"LYN"	0	0	0	0	0	0	0	1	0	0	0	0	0	1	0	0	0	0
"LYZ"	1	0	0	1	1	0	0	1	0	0	0	0	0	1	0	0	0	0
"MACROD1"	0	0	0	0	0	0	0	0	1	0	0	0	0	0	0	0	1	0
"MAF"	1	0	0	1	1	0	0	0	0	0	1	0	0	0	0	0	0	0
"MAFB"	1	0	0	1	1	0	0	0	0	0	1	0	0	0	0	0	0	1
"MAFF"	0	0	0	0	0	0	0	0	0	0	0	0	0	1	0	0	0	0
"MAGED2"	0	0	0	0	0	0	1	0	0	0	0	0	1	0	0	0	0	0
"MAGEH1"	0	0	0	0	0	0	0	0	0	1	0	0	0	0	0	0	0	0
"MAGEL2"	0	0	0	0	0	0	0	0	0	1	0	0	0	0	0	1	0	0
"MAGI1"	0	0	0	0	0	0	1	0	0	0	0	0	0	0	0	0	0	0
"MAGOH"	0	0	0	0	0	0	0	0	0	0	0	1	0	0	0	0	0	0
"MAN1A1"	1	0	0	1	1	0	0	1	0	0	1	0	0	0	0	0	0	0
"MAN2A1"	1	0	0	1	1	0	0	0	0	0	1	0	0	0	0	0	0	0
"MAP1A"	0	0	0	0	0	0	0	0	0	1	1	0	0	0	0	0	0	0
"MAP3K5"	1	0	0	1	0	0	0	0	0	0	0	0	0	0	0	0	0	0
"MAP3K6"	0	0	0	0	0	0	0	0	0	0	0	0	0	1	0	0	0	0
"MAP4K3"	0	0	0	0	0	0	1	0	0	0	0	0	0	0	0	0	0	0
"MAP4K4"	0	0	0	0	1	0	0	0	0	1	1	0	0	0	0	0	0	0
"MAP7D1"	1	0	0	1	1	0	0	0	0	0	1	0	0	0	0	0	0	0
"MAPK7"	0	0	0	0	0	0	0	0	0	1	0	0	0	0	0	0	0	0
"MAPRE2"	0	0	0	0	1	0	0	0	0	1	1	0	0	0	0	0	0	1
"MARCH1"	1	0	0	1	1	1	0	1	0	0	0	0	0	1	0	0	0	0
"MARCKS"	1	0	0	1	1	0	0	0	0	1	1	0	0	0	0	0	0	1
"MARCKSL1"	0	0	0	0	0	0	1	0	0	0	0	0	1	0	0	0	0	0
"MARCO"	1	0	0	1	1	0	0	1	0	0	0	0	0	0	0	0	0	0
"MATN3"	0	0	0	0	0	0	0	0	0	1	1	0	0	0	0	0	0	0
"MBNL1"	1	0	0	1	0	0	0	0	0	0	0	0	0	0	0	0	0	0
"MCAM"	0	0	0	0	0	0	0	0	0	0	1	0	0	0	0	0	0	0
"MDH2"	0	0	0	0	0	0	0	0	1	0	0	0	0	0	0	0	0	0
"MEAF6"	0	0	0	0	0	1	0	0	0	0	0	1	0	0	0	0	0	0
"MEF2C"	1	0	0	1	1	0	0	1	0	0	1	0	0	1	0	0	0	0
"MEST"	0	0	0	0	0	0	1	0	0	0	0	0	1	0	0	0	0	0
"MFAP2"	0	0	0	0	1	0	0	0	0	1	1	0	1	0	0	0	0	1
"MFAP4"	0	0	0	0	1	0	0	0	0	1	1	0	0	0	0	0	0	1
"MFAP5"	0	0	0	0	1	0	0	0	0	0	1	0	0	0	0	0	0	0
"MFSD1"	1	0	0	1	1	0	0	1	0	0	1	0	0	1	0	0	0	0
"MFSD12"	0	0	0	0	0	0	0	0	0	0	0	0	0	1	0	0	0	0
"MGAT1"	1	0	0	1	1	0	0	0	0	0	0	0	0	0	0	0	0	0
"MGAT4A"	1	0	0	1	1	0	0	0	0	0	0	0	0	0	0	0	0	0
"MGP"	0	0	0	1	1	0	0	0	0	0	1	0	0	0	0	0	0	0
"MGST2"	0	0	0	0	0	0	0	0	1	0	0	0	0	0	0	0	0	0
"MICAL1"	1	0	0	1	1	0	0	0	0	0	1	0	0	0	0	0	0	1
"MICAL2"	1	0	0	1	1	0	0	0	0	0	1	0	0	0	0	0	0	0
"MILR1"	1	0	0	1	1	0	0	1	0	0	0	0	0	1	0	0	0	0
"MINOS1-NBL1"	1	0	0	1	1	0	0	0	0	0	1	0	0	0	0	0	0	0
"MIR4700"	0	0	0	0	0	0	1	0	0	0	0	0	0	0	0	0	0	0
"MIR4722"	1	0	0	1	1	0	0	0	0	0	1	0	0	0	0	0	0	0
"MKS1"	0	0	0	0	0	0	1	0	0	0	0	0	0	0	0	0	0	0
"MLLT11"	0	0	0	0	0	0	0	0	0	1	0	0	0	0	0	0	0	1
"MLPH"	0	0	0	0	0	0	0	0	0	0	0	0	0	0	0	0	1	0
"MMACHC"	0	0	0	0	0	1	0	0	0	0	0	0	0	0	0	0	0	0
"MMP11"	1	0	0	1	1	0	0	0	0	1	1	0	0	0	0	0	0	1
"MMP13"	1	0	0	1	1	0	0	0	0	0	1	0	0	0	0	0	0	1
"MMP14"	0	0	0	0	1	0	0	0	0	1	1	0	0	0	0	0	0	1
"MMP2"	1	0	0	1	1	0	0	0	0	1	1	0	0	0	0	0	0	1
"MMP9"	1	0	0	1	1	0	0	1	0	0	0	0	0	0	0	0	0	1
"MN1"	0	0	0	0	1	0	0	0	0	1	1	0	0	0	0	0	0	0
"MNDA"	1	0	0	1	1	0	0	1	0	0	1	0	0	1	0	0	0	0
"MOXD1"	1	0	0	1	1	0	0	0	0	1	1	0	0	0	0	0	0	1
"MPP1"	1	0	0	1	1	0	0	1	0	0	1	0	0	0	0	0	0	0
"MPRIP"	0	0	0	0	0	0	0	0	0	1	1	0	0	0	0	0	0	0
"MRC1"	1	0	0	1	1	0	0	0	0	0	1	0	0	0	0	0	0	0
"MRC2"	0	0	0	1	1	0	0	0	0	0	1	0	0	0	0	0	0	0
"MRPL2"	0	0	0	0	0	0	0	0	0	0	0	1	0	0	0	0	0	0
"MRPS31P5"	0	0	0	0	0	0	0	0	0	1	0	0	0	0	0	0	0	0
"MS4A4A"	1	0	0	1	1	0	0	1	0	0	1	0	0	1	0	0	0	1
"MS4A6A"	1	0	0	1	1	0	0	1	0	0	1	0	0	1	0	0	0	0
"MSANTD3-TMEFF1"	0	0	0	0	0	0	1	0	0	0	0	0	1	0	0	0	0	0
"MSH6"	0	0	0	0	0	1	1	0	0	0	0	0	1	0	0	0	0	0
"MSN"	1	0	0	1	1	0	0	1	0	0	1	0	0	1	0	0	0	0
"MSR1"	1	0	0	1	1	0	0	1	0	0	1	0	0	1	0	0	0	0
"MST1R"	0	0	0	0	0	0	0	0	0	0	0	0	0	1	0	0	0	0
"MT2A"	0	0	0	0	0	0	0	1	0	0	0	0	0	0	0	0	0	0
"MTM1"	0	0	0	0	0	0	0	0	1	0	0	0	0	0	0	0	0	0
"MTMR6"	0	0	0	1	0	0	0	0	0	0	0	0	0	0	0	0	0	0
"MTMR9"	0	0	0	0	0	0	0	0	0	1	0	0	0	0	0	0	0	0
"MUC1"	0	0	0	0	0	0	0	1	1	0	0	0	0	1	0	0	0	0
"MUTYH"	0	0	0	0	0	1	0	0	0	0	0	1	0	0	0	0	0	0
"MVP"	0	0	0	0	0	0	0	1	0	0	0	0	0	1	0	0	0	0
"MX1"	0	0	0	0	0	0	0	1	0	0	0	0	0	0	0	0	0	0
"MYB"	0	0	0	0	0	0	0	0	0	0	0	1	0	0	0	0	0	0
"MYD88"	0	0	0	0	0	0	0	1	0	0	0	0	0	1	0	0	0	0
"MYH9"	1	0	0	1	1	0	0	1	0	0	1	0	0	1	0	0	0	0
"MYL6B"	0	0	0	0	0	0	0	0	0	0	0	0	1	0	0	0	0	0
"MYL9"	0	0	0	0	1	0	0	0	0	0	1	0	0	0	0	0	0	0
"MYLK"	1	0	0	1	1	0	0	0	0	0	1	0	0	0	0	0	0	0
"MYO1B"	0	0	0	0	1	0	0	0	0	1	1	0	0	0	0	0	0	1
"MYO1E"	1	0	0	1	0	0	0	0	0	0	1	0	0	0	0	0	0	0
"MYO1F"	1	0	0	1	1	0	0	1	0	0	0	0	0	1	0	0	0	0
"MYO5A"	1	0	0	1	1	0	0	1	0	0	1	0	0	0	0	0	0	0
"MYO5C"	0	0	0	0	0	0	0	0	0	0	0	0	0	0	0	0	1	0
"MYOF"	1	0	0	1	1	0	0	0	0	0	0	0	0	0	0	0	0	0
"MZB1"	1	0	0	1	0	0	0	1	0	0	0	0	0	0	0	0	0	0
"NAAA"	1	0	0	1	1	0	0	1	0	0	0	0	0	0	0	0	0	0
"NADSYN1"	0	0	0	0	0	0	0	0	0	0	0	0	0	1	0	0	0	0
"NAGA"	1	0	0	1	1	0	0	0	0	0	0	0	0	0	0	0	0	0
"NAGK"	1	0	0	1	0	0	0	0	0	0	0	0	0	0	0	0	0	0
"NAP1L3"	0	0	0	0	0	0	0	0	0	1	0	0	0	0	0	0	0	0
"NAV3"	0	0	0	0	1	0	0	0	0	1	1	0	0	0	0	0	0	0
"NBL1"	1	0	0	1	1	0	0	0	0	0	1	0	0	0	0	0	0	0
"NCAPD2"	0	0	0	0	0	0	0	0	0	0	0	0	1	0	0	0	0	0
"NCF1"	1	0	0	1	1	0	0	1	0	0	0	0	0	1	0	0	0	0
"NCF1B"	1	0	0	1	1	0	0	1	0	0	0	0	0	1	0	0	0	0
"NCF1C"	1	0	0	1	1	0	0	1	0	0	0	0	0	1	0	0	0	0
"NCF2"	1	0	0	1	1	0	0	1	0	0	1	0	0	1	0	0	0	1
"NCF4"	1	0	0	1	1	0	0	1	0	0	0	0	0	1	0	0	0	0
"NCK1"	0	0	0	0	0	0	0	1	0	0	0	0	0	0	0	0	0	0
"NCKAP1L"	1	0	0	1	1	0	0	1	0	0	0	0	0	1	0	0	0	0
"NCOR2"	0	0	0	0	1	0	0	0	0	1	1	0	0	0	0	0	0	0
"NDN"	0	0	0	0	1	0	0	0	0	0	1	0	0	0	0	0	0	0
"NDUFA1"	0	0	0	0	0	0	0	0	1	0	0	0	0	0	0	0	0	0
"NDUFV1"	0	0	0	0	0	0	0	0	1	0	0	0	0	0	0	0	0	0
"NECAP2"	1	0	0	1	0	0	0	0	0	0	0	0	0	0	0	0	0	0
"NEDD4"	1	0	0	1	1	0	0	0	0	0	1	0	0	0	0	0	0	0
"NEDD9"	0	0	0	0	0	0	0	0	0	1	0	0	0	0	0	0	0	0
"NEK3"	0	0	0	0	0	0	0	0	0	1	0	0	0	0	0	0	0	0
"NFATC1"	1	0	0	1	0	0	0	0	0	0	0	0	0	0	0	0	0	0
"NFKB1"	1	0	0	1	0	0	0	1	0	0	0	0	0	1	0	0	0	0
"NFKBIE"	0	0	0	0	0	0	0	0	0	0	0	0	0	0	1	0	0	0
"NFYA"	0	0	0	0	0	0	1	0	0	0	0	0	1	0	0	0	0	0
"NID1"	1	0	0	1	1	0	0	0	0	1	1	0	0	0	0	0	0	0
"NID2"	1	0	0	1	1	0	0	0	0	1	1	0	0	0	0	0	0	0
"NINJ1"	0	0	0	0	0	0	0	1	0	0	0	0	0	0	0	0	0	0
"NINJ2"	1	0	0	1	0	0	0	0	0	0	0	0	0	0	0	0	0	0
"NINL"	0	0	0	0	0	0	1	0	0	0	0	0	1	0	0	0	0	0
"NKG7"	1	0	0	1	1	0	0	1	0	0	0	0	0	1	0	0	0	0
"NKX3-2"	0	0	0	0	1	0	0	0	0	1	1	0	0	0	0	0	0	1
"NLGN4X"	0	0	0	0	0	0	0	0	0	1	0	0	0	0	0	0	0	0
"NMI"	0	0	0	0	0	0	0	1	0	0	0	0	0	1	1	0	0	0
"NNMT"	1	0	0	1	1	0	0	1	0	0	1	0	0	1	0	0	0	0
"NOD2"	0	0	0	0	0	0	0	1	0	0	0	0	0	1	0	0	0	0
"NOP16"	0	0	0	0	0	0	0	0	1	0	0	0	0	0	0	0	0	0
"NOVA1"	0	0	0	0	0	0	0	0	0	0	0	0	1	0	0	0	0	0
"NOX4"	0	0	0	0	1	0	0	0	0	0	1	0	0	0	0	0	0	0
"NPL"	1	0	0	1	1	0	0	1	0	0	0	0	0	1	0	0	0	1
"NQO1"	0	0	0	0	0	0	0	0	1	0	0	0	0	0	0	0	0	0
"NR1H3"	0	0	0	0	0	0	0	0	0	0	0	0	0	0	1	0	0	0
"NR1I2"	0	0	0	0	0	1	0	0	0	0	0	0	0	0	0	0	0	0
"NR2F1"	0	0	0	0	0	0	0	0	0	1	1	0	0	0	0	0	0	0
"NR3C1"	1	0	0	1	1	0	0	1	0	0	0	0	0	0	0	0	0	0
"NREP"	0	0	0	0	0	0	1	0	0	1	0	0	1	0	0	0	0	1
"NRP1"	1	0	0	1	1	0	0	0	0	0	1	0	0	0	0	0	0	0
"NRP2"	1	0	0	1	0	0	0	0	0	0	0	0	0	0	0	0	0	0
"NT5DC2"	0	0	0	0	0	0	0	0	0	0	0	0	1	0	0	0	0	0
"NT5E"	1	0	0	1	1	0	0	0	0	0	1	0	0	0	0	0	0	0
"NTAN1"	1	0	0	1	0	0	0	0	0	0	0	0	0	0	0	0	0	0
"NTHL1"	0	0	0	0	0	1	0	0	0	0	0	0	0	0	0	0	0	0
"NTM"	1	0	0	1	1	0	0	0	0	1	1	0	0	0	0	0	0	1
"NUAK1"	1	0	0	1	1	0	0	0	0	1	1	0	0	0	0	0	0	1
"NUP133"	0	0	0	0	0	1	0	0	0	0	0	0	0	0	0	0	0	0
"NUPR1"	0	0	0	0	0	0	0	1	0	0	0	0	0	1	0	0	0	0
"OAS1"	0	0	0	0	0	0	0	1	0	0	0	0	0	0	0	0	0	0
"OAS2"	0	0	0	0	0	0	0	1	0	0	0	0	0	0	1	0	0	0
"OAS3"	0	0	0	0	0	0	0	1	0	0	0	0	0	0	1	0	0	0
"OASL"	0	0	0	0	0	0	0	1	0	0	0	0	0	1	1	0	0	0
"ODC1"	0	0	0	0	0	0	1	0	0	0	0	0	1	0	0	0	0	0
"OGN"	0	0	0	0	1	0	0	0	0	0	1	0	0	0	0	0	0	0
"OLFML1"	1	0	0	1	1	0	0	0	0	1	1	0	0	0	0	0	0	0
"OLFML2B"	1	0	0	1	1	0	0	0	0	1	1	0	0	0	0	0	0	1
"OLFML3"	1	0	0	1	1	0	0	0	0	1	1	0	0	0	0	0	0	1
"OLR1"	1	0	0	1	1	0	0	1	0	0	1	0	0	1	0	0	0	0
"OMD"	1	0	0	1	1	0	0	0	0	1	1	0	0	0	0	0	0	1
"OPTN"	0	0	0	0	0	0	0	1	0	0	0	0	0	1	0	0	0	0
"ORC4"	0	0	0	0	0	0	0	0	0	0	0	1	0	0	0	0	0	0
"OSTF1"	1	0	0	1	1	0	0	0	0	0	0	0	0	0	0	0	0	0
"OSTM1"	1	0	0	1	1	0	0	0	0	0	1	0	0	0	0	0	0	1
"OVOL2"	0	0	0	0	0	0	0	0	1	0	0	0	0	0	0	0	0	0
"OXSM"	0	0	0	0	0	1	0	0	1	0	0	0	0	0	0	0	1	0
"P2RY13"	1	0	0	1	0	0	0	1	0	0	0	0	0	1	0	0	0	0
"P2RY14"	1	0	0	1	1	0	0	0	0	0	0	0	0	0	0	0	0	1
"P2RY6"	1	0	0	1	0	0	0	1	0	0	0	0	0	1	0	0	0	0
"P4HA2"	1	0	0	1	1	0	0	0	0	0	1	0	0	0	0	0	0	0
"PACRG"	0	1	1	0	0	1	0	0	0	0	0	0	0	0	0	0	0	0
"PAEP"	0	0	0	0	0	0	0	1	0	0	0	0	0	1	0	0	0	0
"PAFAH1B3"	0	0	0	0	0	0	1	0	0	0	0	0	1	0	0	0	0	0
"PAIP2B"	0	1	1	0	0	1	0	0	0	0	0	1	0	0	0	0	0	0
"PAK6"	0	0	0	0	0	0	0	0	1	0	0	0	0	0	0	0	0	0
"PALLD"	1	0	0	1	1	0	0	0	0	1	1	0	0	0	0	0	0	0
"PAM"	0	0	0	0	0	0	0	0	0	1	0	0	0	0	0	0	0	0
"PAPSS2"	1	0	0	1	1	0	0	0	0	0	1	0	0	0	0	0	0	0
"PARP12"	0	0	0	0	0	0	0	1	0	0	0	0	0	0	0	0	0	0
"PARVA"	0	0	0	0	1	0	0	0	0	0	1	0	0	0	0	0	0	0
"PBX3"	1	0	0	1	0	0	0	0	0	0	1	0	0	0	0	0	0	0
"PCDH12"	0	0	0	0	1	0	0	0	0	0	1	0	0	0	0	0	0	0
"PCDH17"	0	0	0	0	1	0	0	0	0	0	1	0	0	0	0	0	0	0
"PCDHGA1"	0	0	0	0	0	0	0	0	0	1	1	0	0	0	0	0	0	0
"PCDHGA2"	0	0	0	0	0	0	0	0	0	1	1	0	0	0	0	0	0	0
"PCDHGA3"	0	0	0	0	0	0	0	0	0	1	1	0	0	0	0	0	0	0
"PCDHGB1"	0	0	0	0	0	0	0	0	0	1	1	0	0	0	0	0	0	0
"PCDHGC5"	0	0	0	0	0	0	0	0	0	1	1	0	0	0	0	0	0	0
"PCOLCE"	1	0	0	1	1	0	0	0	0	1	1	0	0	0	0	0	0	1
"PCOLCE2"	0	0	0	0	0	0	0	0	0	1	0	0	0	0	0	0	0	0
"PCSK5"	0	0	0	0	1	0	0	0	0	1	1	0	0	0	0	0	0	0
"PDE10A"	0	0	0	0	1	0	0	0	0	0	1	0	0	0	0	0	0	0
"PDE1A"	1	0	0	1	0	0	0	0	0	0	0	0	0	0	0	0	0	0
"PDE4B"	1	0	0	1	1	0	0	1	0	0	1	0	0	0	0	0	0	1
"PDGFD"	1	0	0	1	1	0	0	0	0	1	1	0	0	0	0	0	0	0
"PDGFRB"	1	0	0	1	1	0	0	0	0	1	1	0	0	0	0	0	0	1
"PDGFRL"	0	0	0	0	1	0	0	0	0	0	1	0	0	0	0	0	0	0
"PDLIM2"	1	0	0	1	1	0	0	0	0	1	1	0	0	0	0	0	0	0
"PDLIM5"	1	0	0	1	1	0	0	0	0	0	1	0	0	0	0	0	0	0
"PDLIM7"	0	0	0	0	0	0	0	0	0	1	0	0	0	0	0	0	0	0
"PDPN"	1	0	0	1	1	0	0	0	0	1	1	0	0	0	0	0	0	1
"PDZK1IP1"	0	0	0	0	0	0	0	1	1	0	0	0	0	1	0	0	0	0
"PDZRN3"	0	0	0	0	1	0	0	0	0	1	1	0	0	0	0	0	0	0
"PEX5"	0	1	1	0	0	1	0	0	0	0	0	0	0	0	0	0	0	0
"PFAS"	0	0	0	0	0	0	0	0	0	0	0	0	1	0	0	0	0	0
"PFN2"	0	0	0	0	0	0	0	0	0	0	0	0	1	0	0	0	0	0
"PHC1"	0	0	0	0	0	0	0	0	0	0	0	0	1	0	0	0	0	0
"PHC1P1"	0	0	0	0	0	0	0	0	0	0	0	0	1	0	0	0	0	0
"PHF11"	0	0	0	0	0	0	0	1	0	0	0	0	0	1	0	0	0	0
"PHF8"	0	0	0	0	0	1	0	0	0	0	0	0	0	0	0	0	0	0
"PHLDA1"	0	0	0	0	1	0	0	0	0	1	1	0	0	0	0	0	0	0
"PICALM"	0	0	0	0	1	0	0	0	0	0	1	0	0	0	0	0	0	0
"PIEZO1"	1	0	0	1	1	0	0	0	0	0	1	0	0	0	0	0	0	0
"PIEZO2"	1	0	0	1	1	0	0	0	0	1	1	0	0	0	0	0	0	1
"PIK3CD"	1	0	0	1	1	0	0	1	0	0	1	0	0	0	0	0	0	0
"PIK3IP1"	0	0	0	0	0	0	0	1	0	0	0	0	0	0	0	0	0	0
"PIP4K2A"	1	0	0	1	0	0	0	0	0	0	0	0	0	0	0	0	0	0
"PKIA"	0	0	0	0	0	0	0	0	0	1	0	0	0	0	0	0	0	1
"PKP3"	0	0	0	0	0	0	0	0	1	0	0	0	0	0	0	0	1	0
"PLA2G4C"	1	0	0	1	1	0	0	1	0	0	0	0	0	1	0	0	0	0
"PLA2G7"	0	0	0	0	1	0	0	0	0	0	0	0	0	0	0	0	0	0
"PLAC8"	0	0	0	0	0	0	0	0	0	0	0	0	0	1	0	0	0	0
"PLAT"	0	0	0	0	1	0	0	0	0	0	1	0	0	0	0	0	0	0
"PLAU"	1	0	0	1	1	0	0	1	0	1	1	0	0	0	0	0	0	1
"PLAUR"	1	0	0	1	1	0	0	1	0	0	1	0	0	0	0	0	0	0
"PLCG2"	1	0	0	1	0	0	0	0	0	0	0	0	0	0	0	0	0	0
"PLEC"	0	0	0	0	0	0	0	0	0	0	0	0	0	1	0	0	0	0
"PLEK"	1	0	0	1	1	0	0	1	0	0	0	0	0	1	0	0	0	0
"PLEKHO1"	0	0	0	0	0	0	0	0	0	0	0	0	0	0	0	0	0	1
"PLEKHO2"	1	0	0	1	1	0	0	1	0	0	1	0	0	1	0	0	0	0
"PLEKHS1"	0	0	0	0	0	0	0	0	0	0	0	0	0	1	0	0	0	0
"PLIN1"	1	0	0	1	1	0	0	0	0	0	0	0	0	0	0	0	0	0
"PLIN2"	0	0	0	0	0	0	0	0	0	0	0	0	0	0	0	0	0	1
"PLIN3"	1	0	0	1	1	0	0	0	0	0	1	0	0	0	0	0	0	0
"PLK2"	1	0	0	1	1	0	0	0	0	1	1	0	0	0	0	0	0	0
"PLN"	1	0	0	1	1	0	0	0	0	1	1	0	0	0	0	0	0	1
"PLOD1"	0	0	0	0	0	0	0	0	0	1	1	0	0	0	0	0	0	0
"PLOD2"	0	0	0	0	1	0	0	0	0	0	1	0	0	0	0	0	0	0
"PLS3"	1	0	0	1	1	0	0	0	0	0	1	0	0	0	0	0	0	0
"PLSCR1"	0	0	0	0	0	0	0	1	0	0	0	0	0	1	1	0	0	0
"PLVAP"	1	0	0	1	1	0	0	0	0	0	1	0	0	0	0	0	0	1
"PLXDC2"	0	0	0	0	1	0	0	0	0	0	1	0	0	0	0	0	0	0
"PLXNC1"	1	0	0	1	1	0	0	0	0	0	1	0	0	0	0	0	0	1
"PLXND1"	1	0	0	1	1	0	0	0	0	0	1	0	0	0	0	0	0	0
"PMEPA1"	1	0	0	1	1	0	0	0	0	1	1	0	0	0	0	0	0	0
"PML"	0	0	0	0	0	0	0	1	0	0	0	0	0	1	0	0	0	0
"PMP22"	1	0	0	1	1	0	0	0	0	1	1	0	0	0	0	0	0	1
"PNMAL1"	0	0	0	0	0	0	0	0	0	0	0	0	1	0	0	0	0	0
"POLD2"	0	0	0	0	0	1	0	0	0	0	0	1	0	0	0	0	0	0
"POLD4"	0	0	0	0	0	0	0	0	0	0	0	0	0	1	0	0	0	0
"POLR1C"	0	0	0	0	0	1	0	0	0	0	0	0	0	0	0	0	0	0
"POLR3B"	0	0	0	0	0	0	1	0	0	0	0	0	1	0	0	0	0	0
"POSTN"	1	0	0	1	1	0	0	0	0	1	1	0	0	0	0	0	0	1
"POU2F1"	0	0	0	0	0	0	1	0	0	0	0	0	1	0	0	0	0	0
"PPAP2A"	1	0	0	1	1	0	0	0	0	1	1	0	0	0	0	0	0	0
"PPEF1"	1	0	0	1	1	0	0	0	0	1	1	0	0	0	0	0	0	1
"PPIC"	1	0	0	1	1	0	0	0	0	0	1	0	0	0	0	0	0	0
"PPOX"	0	1	1	0	0	1	0	0	0	0	0	0	0	0	0	0	0	0
"PPP1R2P4"	1	0	0	1	1	0	0	0	0	0	1	0	0	0	0	0	0	0
"PPP1R9A"	0	1	0	0	0	1	0	0	0	0	0	0	0	0	0	0	0	0
"PPP3CA"	0	0	0	0	1	0	0	0	0	0	1	0	0	0	0	0	0	0
"PPP3CC"	1	0	0	1	1	0	0	0	0	0	0	0	0	0	0	0	0	0
"PRDM1"	1	0	0	1	1	0	0	1	0	0	1	0	0	1	0	0	0	1
"PRDX6"	0	0	1	0	0	0	0	0	0	0	0	0	0	0	0	0	0	0
"PREPL"	0	1	0	0	0	0	1	0	0	0	0	0	0	0	0	0	0	0
"PRF1"	1	0	0	1	0	0	0	1	0	0	0	0	0	1	0	0	0	0
"PRKACB"	0	0	0	0	1	0	0	0	0	0	0	0	0	0	0	0	0	0
"PRKCDBP"	1	0	0	1	1	0	0	0	0	1	1	0	0	0	0	0	0	0
"PRKD1"	0	0	0	0	1	0	0	0	0	1	1	0	0	0	0	0	0	0
"PRKG1"	0	0	0	0	1	0	0	0	0	0	1	0	0	0	0	0	0	0
"PROCR"	1	0	0	1	1	0	0	0	0	0	1	0	0	0	0	0	0	1
"PROS1"	0	0	0	0	0	0	0	0	0	0	1	0	0	0	0	0	0	0
"PRPSAP2"	0	0	0	0	0	0	1	0	0	0	0	0	1	0	0	0	0	0
"PRRG1"	0	0	0	0	0	0	0	0	0	0	1	0	0	0	0	0	0	0
"PRRG4"	0	0	0	0	0	0	0	0	1	0	0	0	0	0	0	0	0	0
"PRSS23"	0	0	0	0	1	0	0	0	0	0	1	0	0	0	0	0	0	0
"PSAP"	1	0	0	1	1	0	0	0	0	0	1	0	0	0	0	0	0	0
"PSD3"	0	0	0	0	0	0	0	0	0	1	1	0	0	0	0	0	0	0
"PSMB10"	0	0	0	0	0	0	0	1	0	0	0	0	0	1	1	0	0	0
"PSMB8"	0	0	0	0	0	0	0	1	0	0	0	0	0	1	1	0	0	0
"PSMB9"	0	0	0	0	0	0	0	1	0	0	0	0	0	1	1	0	0	0
"PSMC3IP"	0	0	0	0	0	0	1	0	0	0	0	0	0	0	0	0	0	0
"PSME1"	0	0	0	0	0	0	0	1	1	0	0	0	0	1	0	0	0	0
"PSTPIP2"	0	0	0	0	0	0	0	0	0	0	0	0	0	1	0	0	0	0
"PTAFR"	1	0	0	1	0	0	0	1	0	0	0	0	0	1	0	0	0	0
"PTCH1"	0	1	1	0	0	1	1	0	0	0	0	0	0	0	0	0	0	0
"PTGER3"	1	0	0	1	1	0	0	0	0	0	1	0	0	0	0	0	0	0
"PTGER4"	1	0	0	1	1	0	0	0	0	0	1	0	0	0	0	0	0	1
"PTGIS"	1	0	0	1	1	0	0	0	0	1	1	0	0	0	0	0	0	0
"PTK2B"	1	0	0	1	0	0	0	1	0	0	0	0	0	1	0	0	0	0
"PTK7"	0	0	0	0	0	0	0	0	0	1	0	0	0	0	0	0	0	0
"PTOV1"	0	0	0	0	0	0	1	0	0	0	0	0	1	0	0	0	0	0
"PTPN22"	1	0	0	1	0	0	0	1	0	0	0	0	0	1	0	0	0	1
"PTPN7"	1	0	0	1	0	0	0	0	0	0	0	0	0	0	0	0	0	0
"PTPRC"	1	0	0	1	1	0	0	1	0	0	1	0	0	1	0	0	0	1
"PTPRCAP"	1	0	0	1	0	0	0	1	0	0	0	0	0	1	0	0	0	0
"PTPRD"	0	0	0	0	1	0	0	0	0	1	1	0	0	0	0	0	0	0
"PTPRE"	1	0	0	1	1	0	0	1	0	0	1	0	0	1	0	0	0	0
"PTRF"	1	0	0	1	1	0	0	0	0	1	1	0	0	0	0	0	0	1
"PVRIG"	1	0	0	1	0	0	0	1	0	0	0	0	0	1	0	0	0	1
"PXDN"	0	0	0	0	1	0	0	0	0	1	1	0	0	0	0	0	0	0
"PYCARD"	1	0	0	1	1	0	0	1	0	0	0	0	0	1	0	0	0	0
"RAB23"	0	0	0	0	0	0	0	0	0	1	0	0	0	0	0	0	0	0
"RAB27A"	0	0	0	0	0	0	0	1	0	0	0	0	0	1	0	0	0	0
"RAB31"	1	0	0	1	1	0	0	0	0	0	1	0	0	0	0	0	0	1
"RAB32"	1	0	0	1	1	0	0	0	0	0	0	0	0	0	0	0	0	0
"RAC2"	1	0	0	1	1	0	0	1	0	0	0	0	0	1	0	0	0	0
"RAE1"	0	0	0	0	0	0	1	0	0	0	0	0	1	0	0	0	0	0
"RAI14"	0	0	0	0	1	0	0	0	0	1	1	0	0	0	0	0	0	0
"RAMP2"	0	0	0	0	0	0	0	0	0	0	0	0	0	0	0	0	0	1
"RAMP3"	1	0	0	1	1	0	0	0	0	0	0	0	0	0	0	0	0	0
"RAP1A"	1	0	0	1	1	0	0	0	0	0	0	0	0	0	0	0	0	0
"RAP2B"	1	0	0	1	1	0	0	1	0	0	1	0	0	0	0	0	0	0
"RARRES1"	1	0	0	1	1	0	0	1	0	0	0	0	0	0	0	0	0	0
"RARRES2"	1	0	0	1	1	0	0	0	0	1	1	0	0	0	0	0	0	0
"RARRES3"	0	0	0	0	0	0	0	1	1	0	0	0	0	1	1	0	0	0
"RASGRP3"	1	0	0	1	1	0	0	1	0	0	0	0	0	0	0	0	0	0
"RASSF2"	1	0	0	1	1	0	0	0	0	0	1	0	0	0	0	0	0	0
"RBBP8"	0	0	0	0	0	1	0	0	0	0	0	0	0	0	0	0	0	0
"RBM12"	0	0	0	0	0	0	1	0	0	0	0	0	0	0	0	0	0	0
"RBM8A"	0	0	0	0	0	0	1	0	0	0	0	0	0	0	0	0	0	0
"RCAN1"	1	0	0	1	1	0	0	0	0	0	1	0	0	0	0	0	0	0
"RCN3"	1	0	0	1	1	0	0	0	0	1	1	0	0	0	0	0	0	1
"RENBP"	0	0	0	0	0	0	0	1	0	0	0	0	0	0	0	0	0	0
"RFTN1"	1	0	0	1	1	0	0	1	0	0	0	0	0	1	0	0	0	0
"RGCC"	1	0	0	1	1	0	0	1	0	0	1	0	0	0	0	0	0	0
"RGS1"	1	0	0	1	1	0	0	1	0	0	1	0	0	1	0	0	0	0
"RGS16"	1	0	0	1	1	0	0	0	0	1	1	0	0	0	0	0	0	1
"RGS19"	1	0	0	1	0	0	0	0	0	0	0	0	0	0	0	0	0	0
"RGS2"	1	0	0	1	1	0	0	0	0	0	1	0	0	0	0	0	0	0
"RGS4"	1	0	0	1	1	0	0	0	0	1	1	0	0	0	0	0	0	0
"RGS5"	0	0	0	0	1	0	0	0	0	1	1	0	0	0	0	0	0	0
"RHBDF2"	0	0	0	0	0	0	0	1	0	0	0	0	0	1	0	0	0	0
"RHOBTB1"	0	0	0	0	0	0	1	0	0	1	0	0	1	0	0	0	0	0
"RHOBTB3"	0	0	0	0	1	0	0	0	0	1	1	0	0	0	0	0	0	0
"RHOH"	1	0	0	1	1	0	0	1	0	0	0	0	0	1	0	0	0	0
"RIN2"	0	0	0	0	1	0	0	0	0	0	1	0	0	0	0	0	0	0
"RIN3"	1	0	0	1	1	0	0	1	0	0	1	0	0	0	0	0	0	0
"RIPK2"	0	0	0	0	0	0	0	1	0	0	0	0	0	1	0	0	0	0
"RIT1"	0	0	0	0	0	0	0	0	0	0	0	0	0	0	0	0	0	1
"RMND5A"	0	1	1	0	0	0	0	0	0	0	0	0	0	0	0	0	0	0
"RNASE2"	1	0	0	1	0	0	0	1	0	0	0	0	0	0	0	0	0	0
"RNASE6"	1	0	0	1	1	0	0	1	0	0	0	0	0	1	0	0	0	0
"RNASEH2A"	0	0	0	0	0	0	0	0	0	0	0	1	0	0	0	0	0	0
"RND2"	0	0	0	0	0	0	1	0	0	0	0	0	1	0	0	0	0	0
"RNF19B"	0	0	0	0	0	0	0	1	0	0	0	0	0	1	0	0	0	0
"RNFT2"	0	0	0	0	0	0	1	0	0	0	0	0	1	0	0	0	0	0
"RNPEPL1"	0	0	0	0	0	0	0	1	0	0	0	0	0	1	0	0	0	0
"RNPS1"	0	1	1	0	0	0	0	0	0	0	0	0	0	0	0	0	0	0
"RPRD2"	0	0	0	0	0	1	0	0	0	0	0	1	0	0	0	0	0	0
"RPS27L"	1	0	0	1	1	0	0	0	0	0	0	0	0	0	0	0	0	0
"RRAS"	0	0	0	0	0	0	0	1	0	0	0	0	0	1	0	0	0	0
"RSAD2"	0	0	0	0	0	0	0	1	0	0	0	0	0	0	0	0	0	0
"RSU1"	1	0	0	1	1	0	0	0	0	0	1	0	0	0	0	0	0	0
"RTN1"	0	0	0	1	0	0	0	0	0	0	0	0	0	0	0	0	0	1
"RTN4"	0	0	0	0	1	0	0	0	0	1	1	0	0	0	0	0	0	0
"RTP4"	0	0	0	0	0	0	0	1	1	0	0	0	0	1	0	0	0	0
"RUNX1"	1	0	0	1	1	0	0	0	0	0	1	0	0	0	0	0	0	0
"S100A10"	1	0	0	1	1	0	0	0	0	0	1	0	0	0	0	0	0	0
"S100A14"	0	0	0	0	0	0	0	0	1	0	0	0	0	0	0	0	0	0
"S100A6"	0	0	0	0	0	0	0	0	0	0	0	0	0	1	0	0	0	0
"S1PR1"	0	0	0	0	1	0	0	0	0	0	0	0	0	0	0	0	0	0
"SALL1"	0	0	0	0	0	0	1	0	0	1	0	0	1	0	0	0	0	0
"SALL2"	0	0	0	0	0	0	1	0	0	0	0	0	1	0	0	0	0	0
"SAMD4A"	0	0	0	0	1	0	0	0	0	0	1	0	0	0	0	0	0	0
"SAMD9"	0	0	0	0	0	0	0	1	0	0	0	0	0	0	0	0	0	0
"SAMSN1"	1	0	0	1	1	0	0	1	0	0	0	0	0	1	0	0	0	1
"SASH3"	1	0	0	1	1	0	0	1	0	0	0	0	0	1	0	0	0	0
"SAT1"	0	0	0	0	0	0	0	1	0	0	0	0	0	1	0	0	0	0
"SBNO2"	1	0	0	1	0	0	0	1	0	0	0	0	0	1	0	0	0	0
"SCG2"	1	0	0	1	1	0	0	0	0	1	1	0	0	0	0	0	0	0
"SCGB1D2"	0	0	0	0	0	0	0	0	0	0	0	0	0	0	0	0	1	0
"SCGB2A2"	0	0	0	0	0	0	0	0	0	0	0	0	0	1	0	0	0	0
"SCHIP1"	0	0	0	0	0	0	0	0	0	1	0	0	0	0	0	0	0	0
"SCO2"	1	0	0	1	1	0	0	1	0	0	0	0	0	1	0	0	0	0
"SCUBE2"	0	0	0	0	1	0	0	0	0	0	1	0	0	0	0	0	0	0
"SDC1"	0	0	0	0	1	0	0	0	0	1	1	0	0	0	0	0	0	0
"SDC2"	0	0	0	0	0	0	0	0	0	1	1	0	0	0	0	1	0	0
"SDS"	1	0	0	1	0	0	0	1	0	0	0	0	0	1	0	0	0	0
"SEC23A"	1	0	0	1	1	0	0	0	0	1	1	0	0	0	0	0	0	1
"SEC24D"	1	0	0	1	1	0	0	0	0	0	1	0	0	0	0	0	0	0
"SEC31A"	0	0	0	0	1	0	0	0	0	0	1	0	0	0	0	0	0	0
"SECTM1"	0	0	0	0	0	0	0	1	0	0	0	0	0	1	0	0	0	0
"SELE"	1	0	0	1	0	0	0	0	0	0	0	0	0	0	0	0	0	0
"SELL"	1	0	0	1	0	0	0	1	0	0	0	0	0	1	0	0	0	0
"SELP"	1	0	0	1	0	0	0	0	0	0	0	0	0	0	0	0	0	0
"SEMA3C"	1	0	0	1	1	0	0	0	0	0	1	0	0	0	0	0	0	0
"SEMA5A"	0	0	0	0	1	0	0	0	0	1	1	0	0	0	0	0	0	0
"SEMA6A"	0	0	0	0	0	0	0	0	0	1	0	0	0	0	0	0	0	0
"SEPHS1"	0	0	0	0	0	0	1	0	0	0	0	0	1	0	0	0	0	0
"SEPT8"	1	0	0	1	1	0	0	0	0	1	1	0	0	0	0	0	0	0
"SERPINA1"	0	0	0	0	0	0	0	1	0	0	0	0	0	1	0	0	0	0
"SERPINB1"	0	0	0	0	0	0	0	1	0	0	0	0	0	1	0	0	0	0
"SERPINB9"	1	0	0	1	0	0	0	0	0	0	0	0	0	0	0	0	0	0
"SERPINE1"	1	0	0	1	1	0	0	0	0	1	1	0	0	0	0	0	0	1
"SERPINF1"	1	0	0	1	1	0	0	0	0	1	1	0	0	0	0	0	0	1
"SERPING1"	1	0	0	1	1	0	0	0	0	0	1	0	0	0	0	0	0	0
"SERPINH1"	0	0	0	0	1	0	0	0	0	1	1	0	0	0	0	0	0	0
"SFRP4"	1	0	0	1	1	0	0	0	0	1	1	0	0	0	0	0	0	0
"SFXN3"	0	0	0	1	1	0	0	0	0	0	1	0	0	0	0	0	0	0
"SGCD"	0	0	0	0	0	0	0	0	0	0	1	0	0	0	0	0	0	0
"SGK1"	1	0	0	1	1	0	0	1	0	0	1	0	0	0	0	0	0	0
"SGPP1"	1	0	0	1	0	0	0	0	0	0	0	0	0	0	0	0	0	0
"SH2B3"	1	0	0	1	1	0	0	1	0	0	1	0	0	1	0	0	0	0
"SH2D1A"	1	0	0	1	0	0	0	1	0	0	0	0	0	1	0	0	0	0
"SH3BGRL3"	1	0	0	1	1	0	0	0	0	0	0	0	0	0	0	0	0	0
"SH3BP4"	0	0	0	0	0	0	0	0	0	0	0	0	0	0	0	1	0	0
"SH3GLB1"	1	0	0	1	1	0	0	1	0	0	0	0	0	1	0	0	0	0
"SHC1"	0	0	0	0	1	0	0	0	0	0	1	0	0	0	0	0	0	0
"SIGLEC1"	1	0	0	1	0	0	0	1	0	0	0	0	0	1	0	0	0	0
"SIGLEC9"	1	0	0	1	0	0	0	1	0	0	0	0	0	1	0	0	0	0
"SIRPA"	1	0	0	1	1	0	0	1	0	0	1	0	0	0	0	0	0	0
"SIRPG"	1	0	0	1	0	0	0	1	0	0	0	0	0	1	0	0	0	0
"SIT1"	1	0	0	1	0	0	0	0	0	0	0	0	0	0	0	0	0	0
"SKAP2"	1	0	0	1	1	0	0	0	0	0	1	0	0	0	0	0	0	0
"SLA"	1	0	0	1	1	0	0	1	0	0	1	0	0	1	0	0	0	0
"SLAMF1"	0	0	0	0	0	0	0	1	0	0	0	0	0	0	0	0	0	0
"SLAMF7"	1	0	0	1	0	0	0	1	0	0	0	0	0	1	0	0	0	1
"SLAMF8"	1	0	0	1	1	0	0	1	0	0	1	0	0	1	0	0	0	1
"SLC11A1"	1	0	0	1	0	0	0	1	0	0	0	0	0	1	0	0	0	0
"SLC12A8"	1	0	0	1	1	0	0	0	0	0	1	0	0	0	0	0	0	1
"SLC15A3"	1	0	0	1	0	0	0	1	0	0	0	0	0	1	1	0	0	0
"SLC16A3"	0	0	0	0	1	0	0	0	0	0	0	0	0	0	0	0	0	0
"SLC16A7"	0	0	0	0	1	0	0	0	0	0	1	0	0	0	0	0	0	0
"SLC20A1"	0	0	0	0	1	0	0	0	0	1	1	0	0	0	0	0	0	1
"SLC22A5"	0	0	0	0	0	0	0	0	0	0	0	0	0	0	0	0	1	0
"SLC2A14"	1	0	0	1	1	0	0	0	0	0	0	0	0	0	0	0	0	0
"SLC2A3"	1	0	0	1	1	0	0	0	0	1	1	0	0	0	0	0	0	0
"SLC31A2"	1	0	0	1	1	0	0	1	0	0	1	0	0	1	0	0	0	1
"SLC46A3"	1	0	0	1	0	0	0	0	0	0	0	0	0	0	0	0	0	0
"SLC5A1"	0	0	0	0	0	0	0	0	1	0	0	0	0	1	0	0	0	0
"SLC7A7"	1	0	0	1	1	0	0	1	0	0	1	0	0	0	0	0	0	1
"SLCO2B1"	1	0	0	1	1	0	0	1	0	0	1	0	0	1	0	0	0	0
"SLIT2"	0	0	0	0	1	0	0	0	0	1	1	0	0	0	0	0	0	0
"SMAD7"	0	0	0	0	1	0	0	0	0	1	1	0	0	0	0	0	0	0
"SMARCD1"	0	0	0	0	0	0	1	0	0	0	0	0	1	0	0	0	0	0
"SMCO4"	1	0	0	1	1	0	0	0	0	0	1	0	0	0	0	0	0	0
"SMO"	0	0	0	0	0	0	0	0	0	0	0	0	1	0	0	0	0	0
"SMPD1"	1	0	0	1	1	0	0	0	0	0	1	0	0	0	0	0	0	0
"SMTN"	0	0	0	0	0	0	0	0	0	1	0	0	0	0	0	0	0	0
"SNCG"	0	0	0	0	0	0	0	0	1	0	0	0	0	0	0	0	0	0
"SNED1"	0	0	0	0	0	0	0	0	0	0	1	0	0	0	0	0	0	0
"SNRNP200"	0	0	0	0	0	0	0	0	0	0	0	0	1	0	0	0	0	0
"SNRPA"	0	0	1	0	0	1	0	0	0	0	0	0	0	0	0	0	0	0
"SNTB2"	0	0	0	0	0	0	0	0	0	0	1	0	0	0	0	0	0	0
"SNX10"	1	0	0	1	1	0	0	1	0	0	0	0	0	0	0	0	0	1
"SOGA2"	0	0	0	0	0	0	0	0	0	1	0	0	0	0	0	0	0	0
"SORBS1"	1	0	0	1	1	0	0	0	0	0	1	0	0	0	0	0	0	0
"SOX12"	0	1	0	0	0	0	0	0	0	0	0	0	0	0	0	0	0	0
"SP110"	0	0	0	0	0	0	0	1	0	0	0	0	0	1	0	0	0	0
"SP140"	1	0	0	1	0	0	0	1	0	0	0	0	0	1	0	0	0	0
"SPARC"	1	0	0	1	1	0	0	0	0	1	1	0	0	0	0	0	0	1
"SPARCL1"	1	0	0	1	1	0	0	0	0	1	1	0	0	0	0	0	0	0
"SPATA2"	0	0	0	0	0	0	1	0	0	0	0	0	1	0	0	0	0	0
"SPATS2L"	0	0	0	0	0	0	0	0	0	0	1	0	0	0	0	0	0	0
"SPDEF"	0	0	0	0	0	0	0	0	1	0	0	0	0	0	0	0	0	0
"SPHK1"	1	0	0	1	1	0	0	0	0	0	1	0	0	0	0	0	0	1
"SPI1"	1	0	0	1	1	0	0	1	0	0	0	0	0	1	0	0	0	0
"SPOCK1"	0	0	0	0	1	0	0	0	0	1	1	0	0	0	0	0	0	1
"SPON2"	1	0	0	1	1	0	0	0	0	1	1	0	0	0	0	0	0	0
"SPP1"	0	0	0	0	0	0	0	1	0	0	0	0	0	1	0	0	0	0
"SPRED2"	0	0	0	0	0	0	1	0	0	0	0	0	0	0	0	0	0	0
"SPSB1"	1	0	0	1	1	0	0	0	0	0	1	0	0	0	0	0	0	0
"SQRDL"	0	0	0	0	0	0	0	1	0	0	0	0	0	1	0	0	0	0
"SRGAP2"	0	0	0	0	0	0	0	0	0	1	0	0	0	0	0	0	0	0
"SRGN"	1	0	0	1	1	0	0	1	0	0	0	0	0	1	0	0	0	0
"SRPX"	1	0	0	1	1	0	0	0	0	1	1	0	0	0	0	0	0	0
"SRPX2"	1	0	0	1	1	0	0	0	0	1	1	0	0	0	0	0	0	0
"SRSF3"	0	0	0	0	0	0	1	0	0	0	0	0	1	0	0	0	0	0
"SSB"	0	1	1	0	0	0	0	0	0	0	0	0	0	0	0	0	0	0
"STAB1"	1	0	0	1	1	0	0	1	0	0	1	0	0	1	0	0	0	0
"STAG3"	1	0	0	1	0	0	0	1	0	0	0	0	0	1	0	0	0	1
"STAP1"	1	0	0	1	0	0	0	1	0	0	0	0	0	1	0	0	0	0
"STAT1"	0	0	0	0	0	0	0	1	0	0	0	0	0	0	1	0	0	0
"STAT4"	1	0	0	1	0	0	0	1	0	0	0	0	0	0	0	0	0	1
"STK10"	1	0	0	1	0	0	0	1	0	0	0	0	0	0	0	0	0	0
"STK17A"	1	0	0	1	0	0	0	0	0	0	0	0	0	0	0	0	0	0
"STK17B"	1	0	0	1	1	0	0	1	0	0	0	0	0	1	0	0	0	0
"STOM"	1	0	0	1	1	0	0	1	0	0	0	0	0	0	0	0	0	0
"STX12"	1	0	0	1	0	0	0	0	0	0	0	0	0	0	0	0	0	0
"STX2"	0	0	0	0	0	0	0	0	0	1	0	0	0	0	0	0	0	0
"SUGCT"	0	0	0	0	1	0	0	0	0	1	1	0	0	0	0	0	0	0
"SULF1"	1	0	0	1	1	0	0	1	0	0	1	0	0	0	0	0	0	1
"SUN2"	1	0	0	1	0	0	0	0	0	0	0	0	0	0	0	0	0	0
"SVEP1"	1	0	0	1	1	0	0	0	0	0	1	0	0	0	0	0	0	1
"SYBU"	0	0	0	0	0	0	0	0	1	0	0	0	0	0	0	0	1	0
"SYDE1"	0	0	0	0	1	0	0	0	0	0	1	0	0	0	0	0	0	0
"TAGLN"	1	0	0	1	1	0	0	0	0	1	1	0	0	0	0	0	0	1
"TANC2"	0	0	0	0	1	0	0	0	0	1	1	0	0	0	0	0	0	0
"TAOK3"	1	0	0	1	0	0	0	0	0	0	0	0	0	0	0	0	0	0
"TAP1"	0	0	0	0	0	0	0	1	0	0	0	0	0	1	1	0	0	0
"TAP2"	0	0	0	0	0	0	0	1	0	0	0	0	0	1	1	0	0	0
"TAPBP"	0	0	0	0	0	0	0	1	0	0	0	0	0	1	1	0	0	0
"TARS2"	0	1	1	0	0	1	0	0	0	0	0	1	0	0	0	0	0	0
"TBC1D2"	0	0	0	0	0	0	0	1	0	0	0	0	0	1	0	0	0	0
"TBC1D22A"	0	0	0	0	0	0	0	1	0	0	0	0	0	1	0	0	0	0
"TBC1D8B"	0	0	0	0	1	0	0	0	0	0	1	0	0	0	0	0	0	0
"TBRG4"	0	0	0	0	0	0	0	0	0	0	0	1	0	0	0	0	0	0
"TCEA2"	0	0	0	0	0	0	0	0	0	0	0	0	1	0	0	0	0	0
"TCF4"	0	0	0	0	1	0	0	0	0	1	1	0	0	0	0	0	0	1
"TCF7L1"	0	0	0	0	0	0	1	0	0	1	0	0	1	0	0	1	0	0
"TCIRG1"	0	0	0	0	0	0	0	1	0	0	0	0	0	1	0	0	0	0
"TDO2"	1	0	0	1	1	0	0	0	0	0	1	0	0	0	0	0	0	1
"TDRD7"	0	0	0	0	0	0	0	0	0	0	0	0	0	0	1	0	0	0
"TEKT2"	0	1	1	0	0	1	0	0	0	0	0	1	0	0	0	0	0	0
"TENM3"	0	0	0	0	1	0	0	0	0	1	1	0	0	0	0	0	0	1
"TEX264"	0	0	0	0	0	0	0	0	1	0	0	0	0	0	0	0	0	0
"TFAP4"	0	1	1	0	0	1	0	0	0	0	0	0	0	0	0	0	0	0
"TFEB"	0	0	0	0	0	0	0	1	0	0	0	0	0	0	0	0	0	0
"TFEC"	1	0	0	1	1	0	0	1	0	0	0	0	0	1	1	0	0	0
"TFPI"	0	0	0	1	1	0	0	0	0	0	0	0	0	0	0	0	0	0
"TGFB1"	1	0	0	1	1	0	0	0	0	0	1	0	0	0	0	0	0	0
"TGFB1I1"	1	0	0	1	1	0	0	0	0	1	1	0	0	0	0	0	0	1
"TGFBI"	1	0	0	1	1	0	0	0	0	0	1	0	0	0	0	0	0	1
"TGFBR2"	1	0	0	1	1	0	0	0	0	0	1	0	0	1	0	0	0	0
"THBD"	1	0	0	1	1	0	0	0	0	0	1	0	0	0	0	0	0	0
"THBS1"	1	0	0	1	1	0	0	0	0	1	1	0	0	0	0	0	0	1
"THNSL1"	0	1	1	0	0	1	0	0	0	0	0	1	0	0	0	0	0	0
"THSD1"	0	0	0	0	0	0	0	0	0	1	0	0	0	0	0	0	0	0
"THY1"	0	0	0	0	1	0	0	0	0	1	1	0	0	0	0	0	0	0
"TIMELESS"	0	0	0	0	0	0	0	0	0	0	0	0	1	0	0	0	0	0
"TIMP2"	1	0	0	1	1	0	0	0	0	1	1	0	0	0	0	0	0	1
"TIMP3"	1	0	0	1	1	0	0	0	0	1	1	0	0	0	0	0	0	1
"TJP3"	0	0	0	0	0	0	0	0	1	0	0	0	0	0	0	0	0	0
"TLR1"	1	0	0	1	1	0	0	1	0	0	0	0	0	1	0	0	0	0
"TLR2"	1	0	0	1	1	0	0	1	0	0	1	0	0	1	0	0	0	0
"TLR3"	0	0	0	0	0	0	0	1	0	0	0	0	0	1	0	0	0	0
"TLR4"	1	0	0	1	1	0	0	1	0	0	0	0	0	1	0	0	0	0
"TLR8"	1	0	0	1	0	0	0	0	0	0	0	0	0	0	0	0	0	0
"TM6SF1"	1	0	0	1	1	0	0	1	0	0	1	0	0	1	0	0	0	0
"TMEFF1"	0	0	0	0	0	0	1	0	0	0	0	0	1	0	0	0	0	0
"TMEM140"	1	0	0	1	0	0	0	1	0	0	0	0	0	1	1	0	0	0
"TMEM176A"	1	0	0	1	1	0	0	0	0	0	1	0	0	0	0	0	0	0
"TMEM176B"	1	0	0	1	1	0	0	1	0	0	1	0	0	0	0	0	0	0
"TMEM194A"	0	0	0	0	0	0	0	0	0	0	0	0	1	0	0	0	0	0
"TMEM2"	1	0	0	1	1	0	0	0	0	0	1	0	0	0	0	0	0	0
"TMEM204"	1	0	0	1	1	0	0	0	0	1	1	0	0	0	0	0	0	1
"TMEM231"	0	1	1	0	0	1	0	0	0	0	0	0	0	0	0	0	0	0
"TMEM256-PLSCR3"	0	0	0	0	1	0	0	0	0	1	1	0	0	0	0	0	0	0
"TMEM45A"	0	0	0	0	1	0	0	0	0	1	1	0	0	0	0	0	0	1
"TMEM47"	0	0	0	0	1	0	0	0	0	0	1	0	0	0	0	0	0	0
"TMEM59"	0	0	0	0	0	0	0	1	0	0	0	0	0	1	0	0	0	0
"TMEM97"	0	0	0	0	0	0	1	0	0	0	0	0	1	0	0	0	0	0
"TMSB15A"	0	0	0	0	0	0	1	0	0	1	0	0	1	0	0	0	0	0
"TMSB15B"	0	0	0	0	0	0	0	0	0	1	0	0	0	0	0	0	0	0
"TNC"	1	0	0	1	1	0	0	0	0	0	1	0	0	0	0	0	0	0
"TNFAIP2"	0	0	0	0	0	0	0	1	0	0	0	0	0	1	0	0	0	0
"TNFAIP3"	1	0	0	1	1	0	0	1	0	0	1	0	0	1	0	0	0	0
"TNFAIP6"	1	0	0	1	1	0	0	1	0	0	1	0	0	0	0	0	0	1
"TNFAIP8"	0	0	0	0	0	0	0	1	0	0	0	0	0	1	0	0	0	0
"TNFRSF14"	0	0	0	0	0	0	0	1	0	0	0	0	0	1	0	0	0	0
"TNFRSF17"	1	0	0	1	0	0	0	1	0	0	0	0	0	0	0	0	0	1
"TNFRSF1B"	1	0	0	1	1	0	0	1	0	0	0	0	0	1	0	0	0	0
"TNFSF10"	0	0	0	0	0	0	0	1	0	0	0	0	0	1	1	0	0	0
"TNFSF12"	1	0	0	1	1	0	0	1	0	0	1	0	0	0	0	0	0	0
"TNFSF12-TNFSF13"	0	0	0	0	0	0	0	1	0	0	0	0	0	0	0	0	0	0
"TNFSF13"	0	0	0	0	0	0	0	1	0	0	0	0	0	0	0	0	0	0
"TNFSF14"	0	0	0	0	0	0	0	1	0	0	0	0	0	1	0	0	0	0
"TNFSF4"	1	0	0	1	1	0	0	0	0	1	1	0	0	0	0	0	0	1
"TOM1"	1	0	0	1	0	0	0	1	0	0	0	0	0	0	0	0	0	0
"TOMM34"	0	1	0	0	0	0	0	0	0	0	0	0	0	0	0	0	0	0
"TPM1"	1	0	0	1	1	0	0	0	0	0	1	0	0	0	0	0	0	0
"TPM2"	1	0	0	1	1	0	0	0	0	0	1	0	0	0	0	0	0	0
"TPP1"	1	0	0	1	1	0	0	0	0	0	1	0	0	0	0	0	0	0
"TPST1"	0	0	0	0	0	0	0	0	0	1	1	0	0	0	0	0	0	1
"TPST2"	1	0	0	1	1	0	0	0	0	0	0	0	0	0	0	0	0	0
"TRAC"	1	0	0	1	1	0	0	1	0	0	0	0	0	1	0	0	0	0
"TRAF1"	1	0	0	1	0	0	0	1	0	0	0	0	0	0	0	0	0	0
"TRAF3IP1"	0	1	1	0	0	0	0	0	0	0	0	0	0	0	0	0	0	0
"TRAF3IP3"	1	0	0	1	0	0	0	1	0	0	0	0	0	1	0	0	0	0
"TRANK1"	1	0	0	1	0	0	0	1	0	0	0	0	0	1	0	0	0	0
"TRAT1"	1	0	0	1	0	0	0	1	0	0	0	0	0	1	0	0	0	1
"TRBC2"	1	0	0	1	1	0	0	1	0	0	0	0	0	1	0	0	0	1
"TREM1"	1	0	0	1	1	0	0	1	0	0	1	0	0	1	0	0	0	0
"TREM2"	1	0	0	1	1	0	0	1	0	0	1	0	0	1	0	0	0	0
"TREX1"	0	0	0	0	0	0	0	1	1	0	0	0	0	0	0	0	0	0
"TRIL"	0	0	0	0	0	0	0	0	0	1	0	0	0	0	0	1	0	0
"TRIM14"	0	0	0	0	0	0	0	1	0	0	0	0	0	1	1	0	0	0
"TRIM21"	0	0	0	0	0	0	0	1	0	0	0	0	0	0	0	0	0	0
"TRIM22"	1	0	0	1	1	0	0	1	0	0	1	0	0	1	0	0	0	0
"TRIT1"	0	0	0	0	0	1	0	0	0	0	0	0	0	0	0	0	0	0
"TRO"	0	0	0	0	0	0	1	0	0	0	0	0	1	0	0	0	0	0
"TRPS1"	0	0	0	0	0	0	0	1	0	0	0	0	0	0	0	0	0	0
"TRPV2"	1	0	0	1	1	0	0	1	0	0	1	0	0	1	0	0	0	1
"TSC22D2"	0	0	0	0	0	0	0	0	0	1	0	0	0	0	0	0	0	0
"TSKU"	0	0	0	0	0	0	0	0	0	0	1	0	0	0	0	0	0	0
"TSPAN4"	0	0	0	0	1	0	0	0	0	0	1	0	0	0	0	0	0	0
"TSPAN6"	0	1	1	0	0	0	1	0	0	0	0	0	0	0	0	0	0	0
"TSPO"	0	0	0	0	0	0	0	1	0	0	0	0	0	1	0	0	0	0
"TTI1"	0	0	0	0	0	0	0	0	0	0	0	0	1	0	0	0	0	0
"TUBB2A"	0	0	0	0	1	0	0	0	0	1	1	0	0	0	0	0	0	0
"TUBB2B"	0	0	0	0	0	0	1	0	0	1	0	0	1	0	0	0	0	0
"TWIST1"	1	0	0	1	1	0	0	0	0	1	1	0	0	0	0	0	0	0
"TXNDC15"	1	0	0	1	1	0	0	0	0	0	0	0	0	0	0	0	0	0
"TYMP"	1	0	0	1	1	0	0	1	0	0	0	0	0	1	0	0	0	0
"TYROBP"	1	0	0	1	1	0	0	1	0	0	1	0	0	1	0	0	0	0
"UBAP2L"	0	0	0	0	0	0	0	0	0	0	0	1	0	0	0	0	0	0
"UBASH3A"	1	0	0	1	0	0	0	1	0	0	0	0	0	1	0	0	0	0
"UBD"	0	0	0	0	0	0	0	1	0	0	0	0	0	1	0	0	0	0
"UBE2E3"	0	0	0	0	0	0	1	0	0	0	0	0	1	0	0	0	0	0
"UBE2L6"	0	0	0	0	0	0	0	1	0	0	0	0	0	0	1	0	0	0
"UCHL1"	0	0	0	0	0	0	0	0	0	0	0	0	1	0	0	0	0	0
"UGT8"	0	0	0	0	0	0	0	0	0	0	0	1	0	0	0	0	0	0
"UNC119B"	0	0	0	0	0	0	1	0	0	0	0	0	0	0	0	0	0	0
"URB2"	0	0	0	0	0	1	0	0	0	0	0	0	0	0	0	0	0	0
"USP18"	0	0	0	0	0	0	0	0	0	0	0	0	0	0	1	0	0	0
"USP21"	0	1	1	0	0	1	0	0	0	0	0	1	1	0	0	0	0	0
"USP39"	0	0	0	0	0	0	1	0	0	0	0	0	0	0	0	0	0	0
"VAMP5"	1	0	0	1	1	0	0	1	0	0	1	0	0	1	0	0	0	1
"VAMP8"	0	0	0	0	0	0	0	0	1	0	0	0	0	0	0	0	0	0
"VASH1"	0	0	0	0	1	0	0	0	0	0	0	0	0	0	0	0	0	0
"VAT1"	0	0	0	0	1	0	0	0	0	1	1	0	0	0	0	0	0	0
"VAV1"	1	0	0	1	0	0	0	1	0	0	0	0	0	1	0	0	0	0
"VCAM1"	1	0	0	1	1	0	0	1	0	0	1	0	0	0	0	0	0	1
"VCAN"	1	0	0	1	1	0	0	0	0	1	1	0	0	0	0	0	0	1
"VDR"	1	0	0	1	1	0	0	1	0	0	1	0	0	1	0	0	0	0
"VEGFC"	0	0	0	0	1	0	0	0	0	1	1	0	0	0	0	0	0	0
"VIM"	0	0	0	0	1	0	0	0	0	1	1	0	0	0	0	0	0	0
"VMP1"	0	0	0	0	1	0	0	0	0	0	1	0	0	1	0	0	0	0
"VNN1"	0	0	0	0	0	0	0	1	0	0	0	0	0	1	0	0	0	0
"VNN2"	1	0	0	1	0	0	0	1	0	0	0	0	0	1	0	0	0	0
"VOPP1"	0	0	0	0	0	0	0	0	0	0	0	0	0	0	0	0	0	1
"VSIG4"	1	0	0	1	1	0	0	1	0	0	1	0	0	1	0	0	0	0
"WARS"	0	0	0	0	0	0	0	1	0	0	0	0	0	0	0	0	0	0
"WAS"	0	0	0	0	1	0	0	1	0	0	0	0	0	1	0	0	0	0
"WDR1"	0	0	0	0	1	0	0	0	0	0	1	0	0	0	0	0	0	0
"WDR3"	0	0	0	0	0	1	0	0	0	0	0	0	0	0	0	0	0	0
"WDR73"	0	1	1	0	0	0	0	0	0	0	0	0	0	0	0	0	0	0
"WIPF1"	1	0	0	1	1	0	0	1	0	0	1	0	0	1	0	0	0	1
"WIPI1"	1	0	0	1	1	0	0	0	0	0	1	0	0	0	0	0	0	0
"WISP1"	1	0	0	1	1	0	0	0	0	1	1	0	0	0	0	0	0	0
"WISP1-OT1"	1	0	0	1	1	0	0	0	0	1	1	0	0	0	0	0	0	0
"WLS"	0	0	0	0	0	0	1	0	0	0	0	0	0	0	0	0	0	0
"WWC2"	0	0	0	0	0	0	0	0	0	0	1	0	0	0	0	0	0	0
"XAF1"	0	0	0	0	0	0	0	1	0	0	0	0	0	1	1	0	0	0
"XYLT1"	1	0	0	1	1	0	0	0	0	1	1	0	0	0	0	0	0	0
"YWHAH"	0	0	0	0	0	0	0	1	0	0	0	0	0	1	0	0	0	0
"ZAP70"	1	0	0	1	0	0	0	1	0	0	0	0	0	0	0	0	0	0
"ZBP1"	0	0	0	0	0	0	0	0	0	0	0	0	0	1	0	0	0	0
"ZBTB39"	0	0	0	0	0	0	1	0	0	0	0	0	1	0	0	0	0	0
"ZC2HC1C"	0	1	1	0	0	1	0	0	0	0	0	1	0	0	0	0	0	0
"ZC3H12A"	0	0	0	0	0	0	0	1	0	0	0	0	0	1	0	0	0	0
"ZC4H2"	0	0	0	0	0	0	0	0	0	1	0	0	0	0	0	0	0	0
"ZCCHC24"	1	0	0	1	1	0	0	0	0	1	1	0	0	0	0	0	0	1
"ZEB1"	1	0	0	1	1	0	0	0	0	1	1	0	0	0	0	0	0	1
"ZEB2"	1	0	0	1	1	0	0	1	0	0	1	0	0	0	0	0	0	1
"ZFHX4"	0	0	0	0	1	0	0	0	0	0	1	0	0	0	0	0	0	0
"ZFP36"	0	0	0	0	1	0	0	0	0	0	0	0	0	0	0	0	0	0
"ZFP37"	0	0	0	0	0	0	0	0	0	1	0	0	0	0	0	0	0	0
"ZHX3"	0	0	0	0	0	0	0	0	0	0	0	0	0	0	0	1	0	0
"ZKSCAN3"	0	0	0	0	0	0	0	0	0	0	0	0	1	0	0	0	0	0
"ZMAT3"	1	0	0	1	1	0	0	0	0	0	1	0	0	0	0	0	0	0
"ZMYND10"	0	1	1	0	0	0	0	0	0	0	0	0	0	0	0	0	0	0
"ZNF10"	0	0	0	0	0	0	1	0	0	0	0	0	1	0	0	0	0	0
"ZNF180"	0	0	0	0	0	0	1	0	0	0	0	0	1	0	0	0	0	0
"ZNF232"	0	0	0	0	0	0	1	0	0	0	0	0	1	0	0	0	0	0
"ZNF239"	0	1	1	0	0	1	0	0	0	0	0	0	0	0	0	0	0	0
"ZNF287"	0	0	0	0	0	0	0	0	0	0	0	0	1	0	0	0	0	0
"ZNF423"	0	0	0	0	0	0	1	0	0	1	0	0	1	0	0	1	0	0
"ZNF428"	0	0	0	0	0	0	1	0	0	0	0	0	0	0	0	0	0	0
"ZNF638"	0	0	0	0	0	0	1	0	0	0	0	0	0	0	0	0	0	0
"ZNF711"	0	0	0	0	0	0	1	0	0	0	0	0	1	0	0	0	0	0
"ZNF84"	0	0	0	0	0	0	1	0	0	0	0	0	0	0	0	0	0	0
"ZNHIT2"	0	0	0	0	0	0	0	0	1	0	0	1	0	0	0	0	0	0
